Pond\pond_35.jpg,13
Viaduct\viaduct_58.jpg,18
Port\port_05.jpg,14
Mountain\Mountain_13.jpg,10
Residential\residential_30.jpg,16
Viaduct\viaduct_51.jpg,18
Pond\pond_39.jpg,13
Park\Park_11.jpg,11
Park\Park_22.jpg,11
Commercial\commercial_34.jpg,3
Residential\residential_22.jpg,16
Commercial\commercial_51.jpg,3
Commercial\commercial_56.jpg,3
Park\Park_03.jpg,11
Park\Park_09.jpg,11
Farmland\Farmland-42.jpg,5
railwayStation\railwayStation_29.jpg,15
River\river_11.jpg,17
Residential\residential_21.jpg,16
Mountain\Mountain_40.jpg,10
Parking\parking_32.jpg,12
Industrial\industrial_34.jpg,8
railwayStation\railwayStation_28.jpg,15
Residential\residential_05.jpg,16
Pond\pond_15.jpg,13
Residential\residential_40.jpg,16
River\river_52.jpg,17
Forest\forest_01.jpg,7
Commercial\commercial_40.jpg,3
Forest\forest_19.jpg,7
Industrial\industrial_10.jpg,8
Port\port_44.jpg,14
Bridge\bridge_15.jpg,2
Industrial\industrial_19.jpg,8
Beach\beach-37.jpg,1
Beach\beach-12.jpg,1
Meadow\meadow_20.jpg,9
Desert\Desert_50.jpg,4
Forest\forest_50.jpg,7
River\river_21.jpg,17
footballField\footballField_33.jpg,6
River\river_22.jpg,17
Mountain\Mountain_49.jpg,10
Port\port_43.jpg,14
Industrial\industrial_30.jpg,8
Forest\forest_20.jpg,7
Mountain\Mountain_02.jpg,10
footballField\footballField_03.jpg,6
Residential\residential_02.jpg,16
railwayStation\railwayStation_47.jpg,15
Pond\pond_06.jpg,13
Residential\residential_29.jpg,16
Parking\parking_30.jpg,12
Residential\residential_26.jpg,16
footballField\footballField_40.jpg,6
Viaduct\viaduct_33.jpg,18
Commercial\commercial_45.jpg,3
Pond\pond_12.jpg,13
Port\port_39.jpg,14
Mountain\Mountain_46.jpg,10
Commercial\commercial_49.jpg,3
Desert\Desert_21.jpg,4
Viaduct\viaduct_43.jpg,18
Mountain\Mountain_11.jpg,10
Meadow\meadow_16.jpg,9
Airport\airport_43.jpg,0
Pond\pond_44.jpg,13
Mountain\Mountain_35.jpg,10
River\river_17.jpg,17
Pond\pond_27.jpg,13
Bridge\bridge_31.jpg,2
Meadow\meadow_44.jpg,9
Meadow\meadow_24.jpg,9
River\river_50.jpg,17
Residential\residential_23.jpg,16
Farmland\Farmland-39.jpg,5
Port\port_22.jpg,14
Bridge\bridge_11.jpg,2
footballField\footballField_12.jpg,6
Mountain\Mountain_18.jpg,10
Park\Park_48.jpg,11
Residential\residential_01.jpg,16
footballField\footballField_37.jpg,6
Port\port_49.jpg,14
Meadow\meadow_11.jpg,9
Desert\Desert_38.jpg,4
Forest\forest_43.jpg,7
Forest\forest_13.jpg,7
railwayStation\railwayStation_49.jpg,15
Viaduct\viaduct_25.jpg,18
Port\port_19.jpg,14
Beach\beach-49.jpg,1
Meadow\meadow_60.jpg,9
Residential\residential_25.jpg,16
River\river_02.jpg,17
Pond\pond_51.jpg,13
Meadow\meadow_37.jpg,9
Viaduct\viaduct_05.jpg,18
Bridge\bridge_12.jpg,2
Parking\parking_43.jpg,12
Forest\forest_03.jpg,7
Airport\airport_36.jpg,0
Residential\residential_15.jpg,16
Beach\beach-36.jpg,1
Airport\airport_13.jpg,0
Industrial\industrial_13.jpg,8
Park\Park_33.jpg,11
Airport\airport_52.jpg,0
Park\Park_37.jpg,11
Meadow\meadow_51.jpg,9
Beach\beach-19.jpg,1
Airport\airport_05.jpg,0
Viaduct\viaduct_11.jpg,18
Meadow\meadow_01.jpg,9
Parking\parking_06.jpg,12
Bridge\bridge_52.jpg,2
Meadow\meadow_13.jpg,9
railwayStation\railwayStation_16.jpg,15
Bridge\bridge_13.jpg,2
footballField\footballField_19.jpg,6
River\river_54.jpg,17
Parking\parking_08.jpg,12
Farmland\Farmland-22.jpg,5
Mountain\Mountain_45.jpg,10
Farmland\Farmland-50.jpg,5
Industrial\industrial_08.jpg,8
Viaduct\viaduct_02.jpg,18
footballField\footballField_04.jpg,6
railwayStation\railwayStation_27.jpg,15
River\river_53.jpg,17
Viaduct\viaduct_56.jpg,18
Viaduct\viaduct_17.jpg,18
railwayStation\railwayStation_41.jpg,15
Park\Park_46.jpg,11
Bridge\bridge_34.jpg,2
Farmland\Farmland-24.jpg,5
Airport\airport_35.jpg,0
Farmland\Farmland-04.jpg,5
Bridge\bridge_09.jpg,2
Airport\airport_37.jpg,0
Industrial\industrial_01.jpg,8
Farmland\Farmland-29.jpg,5
Desert\Desert_15.jpg,4
Residential\residential_10.jpg,16
Industrial\industrial_35.jpg,8
Parking\parking_17.jpg,12
Parking\parking_27.jpg,12
Bridge\bridge_05.jpg,2
Commercial\commercial_44.jpg,3
Forest\forest_37.jpg,7
Airport\airport_44.jpg,0
Industrial\industrial_18.jpg,8
Desert\Desert_49.jpg,4
Mountain\Mountain_15.jpg,10
Port\port_38.jpg,14
Desert\Desert_05.jpg,4
Residential\residential_08.jpg,16
Beach\beach-08.jpg,1
Port\port_45.jpg,14
River\river_36.jpg,17
Pond\pond_07.jpg,13
Industrial\industrial_26.jpg,8
Park\Park_15.jpg,11
Viaduct\viaduct_08.jpg,18
Pond\pond_50.jpg,13
Desert\Desert_42.jpg,4
Beach\beach-44.jpg,1
Residential\residential_38.jpg,16
Airport\airport_46.jpg,0
Residential\residential_31.jpg,16
Bridge\bridge_36.jpg,2
Desert\Desert_29.jpg,4
Forest\forest_07.jpg,7
Meadow\meadow_61.jpg,9
Residential\residential_52.jpg,16
Farmland\Farmland-43.jpg,5
Commercial\commercial_28.jpg,3
footballField\footballField_43.jpg,6
Parking\parking_26.jpg,12
Forest\forest_33.jpg,7
Beach\beach-25.jpg,1
Residential\residential_34.jpg,16
Meadow\meadow_29.jpg,9
Industrial\industrial_46.jpg,8
Farmland\Farmland-31.jpg,5
Beach\beach-35.jpg,1
Desert\Desert_08.jpg,4
Beach\beach-01.jpg,1
Meadow\meadow_33.jpg,9
Mountain\Mountain_37.jpg,10
Beach\beach-18.jpg,1
River\river_20.jpg,17
Airport\airport_11.jpg,0
Beach\beach-07.jpg,1
Meadow\meadow_08.jpg,9
Forest\forest_39.jpg,7
Airport\airport_34.jpg,0
Forest\forest_18.jpg,7
Port\port_33.jpg,14
Beach\beach-48.jpg,1
Industrial\industrial_17.jpg,8
River\river_08.jpg,17
footballField\footballField_29.jpg,6
Meadow\meadow_38.jpg,9
footballField\footballField_18.jpg,6
Airport\airport_15.jpg,0
Parking\parking_44.jpg,12
Pond\pond_41.jpg,13
Airport\airport_28.jpg,0
Viaduct\viaduct_26.jpg,18
Park\Park_39.jpg,11
Port\port_21.jpg,14
Beach\beach-27.jpg,1
Beach\beach-14.jpg,1
footballField\footballField_50.jpg,6
footballField\footballField_14.jpg,6
Port\port_17.jpg,14
Farmland\Farmland-47.jpg,5
Forest\forest_02.jpg,7
Pond\pond_04.jpg,13
Forest\forest_51.jpg,7
footballField\footballField_26.jpg,6
Port\port_51.jpg,14
Desert\Desert_43.jpg,4
Port\port_46.jpg,14
Airport\airport_32.jpg,0
Industrial\industrial_31.jpg,8
Commercial\commercial_25.jpg,3
footballField\footballField_36.jpg,6
River\river_46.jpg,17
Farmland\Farmland-34.jpg,5
Airport\airport_42.jpg,0
Industrial\industrial_09.jpg,8
Park\Park_14.jpg,11
Parking\parking_36.jpg,12
Viaduct\viaduct_07.jpg,18
Viaduct\viaduct_35.jpg,18
Forest\forest_16.jpg,7
Residential\residential_04.jpg,16
railwayStation\railwayStation_03.jpg,15
Farmland\Farmland-01.jpg,5
Industrial\industrial_12.jpg,8
Viaduct\viaduct_15.jpg,18
railwayStation\railwayStation_39.jpg,15
Viaduct\viaduct_42.jpg,18
Farmland\Farmland-33.jpg,5
River\river_12.jpg,17
Desert\Desert_13.jpg,4
Commercial\commercial_10.jpg,3
railwayStation\railwayStation_19.jpg,15
Bridge\bridge_08.jpg,2
railwayStation\railwayStation_07.jpg,15
Commercial\commercial_06.jpg,3
Farmland\Farmland-41.jpg,5
footballField\footballField_23.jpg,6
Viaduct\viaduct_34.jpg,18
Forest\forest_49.jpg,7
Commercial\commercial_11.jpg,3
Desert\Desert_09.jpg,4
footballField\footballField_24.jpg,6
Viaduct\viaduct_14.jpg,18
Commercial\commercial_12.jpg,3
Airport\airport_45.jpg,0
Forest\forest_08.jpg,7
Park\Park_30.jpg,11
Pond\pond_34.jpg,13
footballField\footballField_22.jpg,6
Forest\forest_25.jpg,7
Meadow\meadow_56.jpg,9
Meadow\meadow_28.jpg,9
Viaduct\viaduct_27.jpg,18
Bridge\bridge_44.jpg,2
Viaduct\viaduct_09.jpg,18
Residential\residential_19.jpg,16
Meadow\meadow_05.jpg,9
Farmland\Farmland-45.jpg,5
Parking\parking_01.jpg,12
Parking\parking_33.jpg,12
Commercial\commercial_52.jpg,3
Mountain\Mountain_22.jpg,10
Industrial\industrial_32.jpg,8
Park\Park_40.jpg,11
Residential\residential_35.jpg,16
Park\Park_02.jpg,11
Beach\beach-33.jpg,1
Bridge\bridge_21.jpg,2
Parking\parking_04.jpg,12
Desert\Desert_25.jpg,4
Pond\pond_42.jpg,13
Park\Park_21.jpg,11
Pond\pond_03.jpg,13
Viaduct\viaduct_30.jpg,18
railwayStation\railwayStation_17.jpg,15
Beach\beach-04.jpg,1
Airport\airport_21.jpg,0
River\river_32.jpg,17
Viaduct\viaduct_16.jpg,18
Farmland\Farmland-38.jpg,5
River\river_03.jpg,17
footballField\footballField_11.jpg,6
Forest\forest_40.jpg,7
Airport\airport_30.jpg,0
Farmland\Farmland-18.jpg,5
Parking\parking_09.jpg,12
Farmland\Farmland-40.jpg,5
Port\port_36.jpg,14
Port\port_23.jpg,14
Park\Park_10.jpg,11
Desert\Desert_37.jpg,4
Airport\airport_41.jpg,0
Airport\airport_53.jpg,0
footballField\footballField_32.jpg,6
Beach\beach-02.jpg,1
Viaduct\viaduct_46.jpg,18
railwayStation\railwayStation_33.jpg,15
Park\Park_27.jpg,11
Forest\forest_04.jpg,7
Viaduct\viaduct_55.jpg,18
Park\Park_42.jpg,11
railwayStation\railwayStation_46.jpg,15
railwayStation\railwayStation_13.jpg,15
Farmland\Farmland-08.jpg,5
Viaduct\viaduct_32.jpg,18
Desert\Desert_18.jpg,4
Meadow\meadow_35.jpg,9
railwayStation\railwayStation_24.jpg,15
Residential\residential_49.jpg,16
Desert\Desert_46.jpg,4
Forest\forest_41.jpg,7
Parking\parking_11.jpg,12
Mountain\Mountain_27.jpg,10
Beach\beach-42.jpg,1
Farmland\Farmland-10.jpg,5
River\river_43.jpg,17
Park\Park_24.jpg,11
Bridge\bridge_35.jpg,2
River\river_28.jpg,17
Pond\pond_48.jpg,13
Farmland\Farmland-23.jpg,5
Viaduct\viaduct_01.jpg,18
Pond\pond_14.jpg,13
Commercial\commercial_21.jpg,3
Forest\forest_36.jpg,7
Bridge\bridge_19.jpg,2
Port\port_04.jpg,14
Bridge\bridge_16.jpg,2
Industrial\industrial_16.jpg,8
Viaduct\viaduct_20.jpg,18
railwayStation\railwayStation_45.jpg,15
Industrial\industrial_21.jpg,8
Port\port_29.jpg,14
railwayStation\railwayStation_25.jpg,15
Pond\pond_20.jpg,13
Mountain\Mountain_31.jpg,10
Bridge\bridge_03.jpg,2
Residential\residential_47.jpg,16
Commercial\commercial_17.jpg,3
Beach\beach-13.jpg,1
footballField\footballField_17.jpg,6
Mountain\Mountain_19.jpg,10
Beach\beach-16.jpg,1
Desert\Desert_14.jpg,4
Pond\pond_05.jpg,13
Residential\residential_50.jpg,16
railwayStation\railwayStation_18.jpg,15
Farmland\Farmland-17.jpg,5
Commercial\commercial_26.jpg,3
Pond\pond_18.jpg,13
Port\port_08.jpg,14
Meadow\meadow_54.jpg,9
Mountain\Mountain_42.jpg,10
Viaduct\viaduct_48.jpg,18
Park\Park_19.jpg,11
Airport\airport_06.jpg,0
Viaduct\viaduct_18.jpg,18
Mountain\Mountain_07.jpg,10
Industrial\industrial_37.jpg,8
railwayStation\railwayStation_43.jpg,15
Desert\Desert_36.jpg,4
River\river_45.jpg,17
Port\port_34.jpg,14
railwayStation\railwayStation_35.jpg,15
Industrial\industrial_53.jpg,8
railwayStation\railwayStation_06.jpg,15
Mountain\Mountain_39.jpg,10
Parking\parking_14.jpg,12
Industrial\industrial_23.jpg,8
Port\port_01.jpg,14
Industrial\industrial_29.jpg,8
Parking\parking_47.jpg,12
Commercial\commercial_08.jpg,3
Mountain\Mountain_03.jpg,10
River\river_49.jpg,17
Port\port_03.jpg,14
River\river_14.jpg,17
River\river_19.jpg,17
Pond\pond_23.jpg,13
Bridge\bridge_17.jpg,2
Airport\airport_33.jpg,0
Meadow\meadow_41.jpg,9
Pond\pond_11.jpg,13
Desert\Desert_02.jpg,4
Industrial\industrial_36.jpg,8
Desert\Desert_34.jpg,4
Farmland\Farmland-26.jpg,5
Meadow\meadow_59.jpg,9
footballField\footballField_01.jpg,6
Commercial\commercial_47.jpg,3
Pond\pond_21.jpg,13
Commercial\commercial_15.jpg,3
Meadow\meadow_22.jpg,9
Commercial\commercial_14.jpg,3
Airport\airport_08.jpg,0
Commercial\commercial_05.jpg,3
Pond\pond_52.jpg,13
Parking\parking_34.jpg,12
Mountain\Mountain_50.jpg,10
Meadow\meadow_12.jpg,9
Pond\pond_26.jpg,13
Meadow\meadow_03.jpg,9
Desert\Desert_28.jpg,4
Meadow\meadow_53.jpg,9
Forest\forest_17.jpg,7
Residential\residential_36.jpg,16
Pond\pond_38.jpg,13
Airport\airport_29.jpg,0
footballField\footballField_42.jpg,6
Beach\beach-21.jpg,1
River\river_27.jpg,17
Residential\residential_03.jpg,16
Beach\beach-03.jpg,1
Viaduct\viaduct_54.jpg,18
Commercial\commercial_30.jpg,3
River\river_16.jpg,17
Beach\beach-34.jpg,1
Bridge\bridge_42.jpg,2
Residential\residential_39.jpg,16
railwayStation\railwayStation_22.jpg,15
Parking\parking_38.jpg,12
Bridge\bridge_38.jpg,2
footballField\footballField_38.jpg,6
Bridge\bridge_06.jpg,2
Port\port_20.jpg,14
footballField\footballField_08.jpg,6
River\river_07.jpg,17
Parking\parking_19.jpg,12
Airport\airport_10.jpg,0
Forest\forest_45.jpg,7
Parking\parking_15.jpg,12
Park\Park_13.jpg,11
Airport\airport_48.jpg,0
Mountain\Mountain_25.jpg,10
Meadow\meadow_06.jpg,9
Bridge\bridge_49.jpg,2
Viaduct\viaduct_37.jpg,18
Park\Park_18.jpg,11
Airport\airport_14.jpg,0
Forest\forest_21.jpg,7
Mountain\Mountain_05.jpg,10
Parking\parking_16.jpg,12
Mountain\Mountain_44.jpg,10
footballField\footballField_34.jpg,6
Airport\airport_38.jpg,0
Farmland\Farmland-44.jpg,5
Beach\beach-11.jpg,1
Forest\forest_05.jpg,7
railwayStation\railwayStation_30.jpg,15
railwayStation\railwayStation_20.jpg,15
Bridge\bridge_25.jpg,2
Parking\parking_12.jpg,12
Meadow\meadow_49.jpg,9
Meadow\meadow_55.jpg,9
River\river_04.jpg,17
Parking\parking_37.jpg,12
Industrial\industrial_40.jpg,8
Commercial\commercial_31.jpg,3
Desert\Desert_23.jpg,4
Residential\residential_16.jpg,16
Parking\parking_03.jpg,12
Mountain\Mountain_14.jpg,10
Meadow\meadow_17.jpg,9
Park\Park_05.jpg,11
Mountain\Mountain_48.jpg,10
Residential\residential_33.jpg,16
Parking\parking_42.jpg,12
Forest\forest_42.jpg,7
Pond\pond_53.jpg,13
Airport\airport_25.jpg,0
Residential\residential_45.jpg,16
Beach\beach-47.jpg,1
Meadow\meadow_02.jpg,9
Pond\pond_40.jpg,13
Commercial\commercial_27.jpg,3
Meadow\meadow_19.jpg,9
Mountain\Mountain_21.jpg,10
River\river_42.jpg,17
Bridge\bridge_29.jpg,2
Parking\parking_21.jpg,12
Bridge\bridge_10.jpg,2
Viaduct\viaduct_38.jpg,18
Mountain\Mountain_16.jpg,10
Port\port_40.jpg,14
Commercial\commercial_50.jpg,3
Pond\pond_13.jpg,13
Port\port_48.jpg,14
Beach\beach-15.jpg,1
Industrial\industrial_03.jpg,8
Farmland\Farmland-48.jpg,5
Forest\forest_11.jpg,7
Commercial\commercial_53.jpg,3
railwayStation\railwayStation_42.jpg,15
Airport\airport_27.jpg,0
Airport\airport_18.jpg,0
Desert\Desert_32.jpg,4
Industrial\industrial_41.jpg,8
Park\Park_29.jpg,11
Parking\parking_41.jpg,12
Meadow\meadow_15.jpg,9
Forest\forest_46.jpg,7
Viaduct\viaduct_06.jpg,18
Farmland\Farmland-13.jpg,5
Park\Park_16.jpg,11
Bridge\bridge_30.jpg,2
railwayStation\railwayStation_12.jpg,15
Desert\Desert_24.jpg,4
Desert\Desert_45.jpg,4
Beach\beach-28.jpg,1
Port\port_30.jpg,14
Residential\residential_48.jpg,16
railwayStation\railwayStation_40.jpg,15
River\river_33.jpg,17
Beach\beach-45.jpg,1
Residential\residential_18.jpg,16
Bridge\bridge_22.jpg,2
Commercial\commercial_22.jpg,3
Viaduct\viaduct_13.jpg,18
Commercial\commercial_02.jpg,3
Commercial\commercial_37.jpg,3
footballField\footballField_13.jpg,6
Forest\forest_29.jpg,7
Pond\pond_28.jpg,13
Farmland\Farmland-16.jpg,5
Bridge\bridge_23.jpg,2
Bridge\bridge_04.jpg,2
Industrial\industrial_51.jpg,8
Meadow\meadow_10.jpg,9
River\river_18.jpg,17
Desert\Desert_03.jpg,4
Forest\forest_53.jpg,7
Park\Park_36.jpg,11
railwayStation\railwayStation_48.jpg,15
Parking\parking_07.jpg,12
Pond\pond_25.jpg,13
Port\port_28.jpg,14
Park\Park_12.jpg,11
Farmland\Farmland-37.jpg,5
Commercial\commercial_42.jpg,3
Desert\Desert_30.jpg,4
Farmland\Farmland-03.jpg,5
Forest\forest_10.jpg,7
Mountain\Mountain_01.jpg,10
Industrial\industrial_38.jpg,8
Parking\parking_46.jpg,12
railwayStation\railwayStation_21.jpg,15
Port\port_15.jpg,14
Pond\pond_33.jpg,13
Commercial\commercial_24.jpg,3
Airport\airport_26.jpg,0
Meadow\meadow_58.jpg,9
Desert\Desert_16.jpg,4
Industrial\industrial_11.jpg,8
footballField\footballField_20.jpg,6
Industrial\industrial_24.jpg,8
footballField\footballField_39.jpg,6
Desert\Desert_47.jpg,4
Industrial\industrial_27.jpg,8
Park\Park_26.jpg,11
River\river_06.jpg,17
footballField\footballField_28.jpg,6
Viaduct\viaduct_49.jpg,18
Port\port_50.jpg,14
River\river_37.jpg,17
Meadow\meadow_47.jpg,9
Pond\pond_46.jpg,13
footballField\footballField_47.jpg,6
Mountain\Mountain_29.jpg,10
Park\Park_38.jpg,11
River\river_26.jpg,17
Residential\residential_28.jpg,16
Mountain\Mountain_26.jpg,10
Bridge\bridge_20.jpg,2
Park\Park_34.jpg,11
Farmland\Farmland-06.jpg,5
Industrial\industrial_50.jpg,8
Port\port_32.jpg,14
Airport\airport_50.jpg,0
Commercial\commercial_43.jpg,3
Desert\Desert_27.jpg,4
Beach\beach-22.jpg,1
River\river_25.jpg,17
