fResident/f281.jpg,3
cIndustry/c060.jpg,0
aGrass/a312.jpg,2
cIndustry/c065.jpg,0
bField/b395.jpg,5
aGrass/a220.jpg,2
aGrass/a319.jpg,2
gParking/g379.jpg,4
aGrass/a167.jpg,2
gParking/g208.jpg,4
fResident/f366.jpg,3
fResident/f156.jpg,3
gParking/g113.jpg,4
cIndustry/c141.jpg,0
gParking/g222.jpg,4
aGrass/a226.jpg,2
dRiverLake/d251.jpg,1
fResident/f328.jpg,3
aGrass/a344.jpg,2
eForest/e328.jpg,6
dRiverLake/d160.jpg,1
fResident/f041.jpg,3
cIndustry/c349.jpg,0
gParking/g395.jpg,4
dRiverLake/d090.jpg,1
eForest/e395.jpg,6
eForest/e367.jpg,6
eForest/e217.jpg,6
fResident/f390.jpg,3
cIndustry/c001.jpg,0
gParking/g077.jpg,4
fResident/f140.jpg,3
aGrass/a201.jpg,2
fResident/f379.jpg,3
dRiverLake/d205.jpg,1
fResident/f224.jpg,3
eForest/e265.jpg,6
cIndustry/c358.jpg,0
gParking/g283.jpg,4
bField/b087.jpg,5
dRiverLake/d316.jpg,1
gParking/g273.jpg,4
fResident/f324.jpg,3
fResident/f309.jpg,3
cIndustry/c104.jpg,0
cIndustry/c241.jpg,0
fResident/f164.jpg,3
fResident/f239.jpg,3
fResident/f124.jpg,3
dRiverLake/d354.jpg,1
cIndustry/c040.jpg,0
fResident/f100.jpg,3
aGrass/a160.jpg,2
aGrass/a006.jpg,2
dRiverLake/d257.jpg,1
cIndustry/c131.jpg,0
bField/b118.jpg,5
eForest/e296.jpg,6
dRiverLake/d220.jpg,1
dRiverLake/d037.jpg,1
eForest/e386.jpg,6
gParking/g288.jpg,4
aGrass/a174.jpg,2
eForest/e113.jpg,6
aGrass/a071.jpg,2
dRiverLake/d148.jpg,1
aGrass/a147.jpg,2
eForest/e326.jpg,6
cIndustry/c019.jpg,0
gParking/g069.jpg,4
aGrass/a119.jpg,2
gParking/g067.jpg,4
eForest/e303.jpg,6
fResident/f318.jpg,3
dRiverLake/d261.jpg,1
fResident/f104.jpg,3
eForest/e044.jpg,6
bField/b260.jpg,5
cIndustry/c105.jpg,0
aGrass/a357.jpg,2
aGrass/a206.jpg,2
bField/b349.jpg,5
gParking/g169.jpg,4
cIndustry/c177.jpg,0
dRiverLake/d189.jpg,1
bField/b206.jpg,5
aGrass/a070.jpg,2
aGrass/a196.jpg,2
cIndustry/c159.jpg,0
fResident/f153.jpg,3
bField/b054.jpg,5
bField/b083.jpg,5
bField/b211.jpg,5
eForest/e317.jpg,6
aGrass/a183.jpg,2
cIndustry/c149.jpg,0
fResident/f348.jpg,3
bField/b036.jpg,5
aGrass/a005.jpg,2
bField/b304.jpg,5
gParking/g138.jpg,4
cIndustry/c348.jpg,0
cIndustry/c037.jpg,0
cIndustry/c219.jpg,0
fResident/f078.jpg,3
dRiverLake/d042.jpg,1
bField/b152.jpg,5
fResident/f376.jpg,3
cIndustry/c173.jpg,0
eForest/e200.jpg,6
cIndustry/c190.jpg,0
cIndustry/c324.jpg,0
bField/b185.jpg,5
fResident/f217.jpg,3
bField/b337.jpg,5
aGrass/a109.jpg,2
aGrass/a126.jpg,2
cIndustry/c041.jpg,0
aGrass/a114.jpg,2
cIndustry/c085.jpg,0
dRiverLake/d343.jpg,1
eForest/e076.jpg,6
gParking/g392.jpg,4
cIndustry/c298.jpg,0
gParking/g085.jpg,4
fResident/f276.jpg,3
gParking/g130.jpg,4
dRiverLake/d299.jpg,1
aGrass/a136.jpg,2
cIndustry/c156.jpg,0
bField/b274.jpg,5
aGrass/a060.jpg,2
bField/b335.jpg,5
dRiverLake/d049.jpg,1
bField/b032.jpg,5
eForest/e174.jpg,6
dRiverLake/d394.jpg,1
aGrass/a067.jpg,2
eForest/e118.jpg,6
aGrass/a391.jpg,2
gParking/g274.jpg,4
fResident/f137.jpg,3
gParking/g048.jpg,4
cIndustry/c236.jpg,0
dRiverLake/d399.jpg,1
bField/b328.jpg,5
eForest/e154.jpg,6
aGrass/a046.jpg,2
cIndustry/c122.jpg,0
gParking/g023.jpg,4
bField/b293.jpg,5
aGrass/a199.jpg,2
bField/b354.jpg,5
dRiverLake/d276.jpg,1
eForest/e042.jpg,6
cIndustry/c400.jpg,0
fResident/f238.jpg,3
bField/b204.jpg,5
cIndustry/c221.jpg,0
cIndustry/c264.jpg,0
cIndustry/c327.jpg,0
bField/b245.jpg,5
dRiverLake/d151.jpg,1
eForest/e157.jpg,6
gParking/g261.jpg,4
fResident/f253.jpg,3
eForest/e049.jpg,6
bField/b086.jpg,5
fResident/f202.jpg,3
fResident/f125.jpg,3
gParking/g334.jpg,4
aGrass/a366.jpg,2
gParking/g232.jpg,4
fResident/f072.jpg,3
bField/b324.jpg,5
bField/b323.jpg,5
eForest/e202.jpg,6
dRiverLake/d135.jpg,1
aGrass/a282.jpg,2
aGrass/a256.jpg,2
dRiverLake/d258.jpg,1
bField/b382.jpg,5
bField/b174.jpg,5
gParking/g056.jpg,4
gParking/g072.jpg,4
eForest/e115.jpg,6
fResident/f307.jpg,3
cIndustry/c067.jpg,0
gParking/g234.jpg,4
eForest/e103.jpg,6
aGrass/a239.jpg,2
cIndustry/c234.jpg,0
eForest/e373.jpg,6
dRiverLake/d001.jpg,1
fResident/f119.jpg,3
eForest/e010.jpg,6
fResident/f285.jpg,3
bField/b289.jpg,5
fResident/f107.jpg,3
aGrass/a031.jpg,2
cIndustry/c319.jpg,0
eForest/e097.jpg,6
aGrass/a086.jpg,2
dRiverLake/d192.jpg,1
dRiverLake/d273.jpg,1
eForest/e189.jpg,6
gParking/g345.jpg,4
dRiverLake/d328.jpg,1
eForest/e288.jpg,6
cIndustry/c356.jpg,0
cIndustry/c371.jpg,0
fResident/f385.jpg,3
eForest/e263.jpg,6
aGrass/a326.jpg,2
gParking/g134.jpg,4
bField/b263.jpg,5
bField/b309.jpg,5
gParking/g041.jpg,4
aGrass/a073.jpg,2
aGrass/a188.jpg,2
bField/b028.jpg,5
cIndustry/c239.jpg,0
eForest/e329.jpg,6
bField/b371.jpg,5
eForest/e148.jpg,6
eForest/e089.jpg,6
fResident/f082.jpg,3
aGrass/a377.jpg,2
eForest/e330.jpg,6
bField/b069.jpg,5
fResident/f036.jpg,3
aGrass/a262.jpg,2
aGrass/a036.jpg,2
dRiverLake/d250.jpg,1
fResident/f378.jpg,3
dRiverLake/d238.jpg,1
aGrass/a025.jpg,2
cIndustry/c366.jpg,0
cIndustry/c318.jpg,0
fResident/f158.jpg,3
aGrass/a178.jpg,2
bField/b155.jpg,5
fResident/f298.jpg,3
aGrass/a202.jpg,2
cIndustry/c195.jpg,0
dRiverLake/d266.jpg,1
eForest/e150.jpg,6
bField/b135.jpg,5
fResident/f113.jpg,3
eForest/e358.jpg,6
gParking/g035.jpg,4
dRiverLake/d334.jpg,1
gParking/g061.jpg,4
dRiverLake/d052.jpg,1
dRiverLake/d309.jpg,1
cIndustry/c109.jpg,0
gParking/g365.jpg,4
cIndustry/c047.jpg,0
bField/b294.jpg,5
eForest/e353.jpg,6
bField/b085.jpg,5
bField/b340.jpg,5
eForest/e117.jpg,6
bField/b144.jpg,5
eForest/e398.jpg,6
bField/b189.jpg,5
eForest/e349.jpg,6
gParking/g384.jpg,4
eForest/e215.jpg,6
cIndustry/c262.jpg,0
eForest/e173.jpg,6
dRiverLake/d163.jpg,1
eForest/e206.jpg,6
cIndustry/c070.jpg,0
dRiverLake/d032.jpg,1
gParking/g001.jpg,4
aGrass/a173.jpg,2
aGrass/a001.jpg,2
dRiverLake/d364.jpg,1
gParking/g300.jpg,4
eForest/e059.jpg,6
eForest/e038.jpg,6
dRiverLake/d330.jpg,1
gParking/g055.jpg,4
dRiverLake/d243.jpg,1
fResident/f299.jpg,3
dRiverLake/d306.jpg,1
aGrass/a120.jpg,2
fResident/f146.jpg,3
fResident/f227.jpg,3
gParking/g324.jpg,4
aGrass/a090.jpg,2
gParking/g196.jpg,4
gParking/g112.jpg,4
gParking/g008.jpg,4
aGrass/a047.jpg,2
eForest/e188.jpg,6
fResident/f152.jpg,3
fResident/f071.jpg,3
aGrass/a222.jpg,2
bField/b046.jpg,5
bField/b272.jpg,5
gParking/g366.jpg,4
bField/b278.jpg,5
bField/b241.jpg,5
cIndustry/c033.jpg,0
eForest/e102.jpg,6
cIndustry/c004.jpg,0
eForest/e114.jpg,6
eForest/e261.jpg,6
bField/b205.jpg,5
gParking/g338.jpg,4
bField/b133.jpg,5
eForest/e239.jpg,6
eForest/e313.jpg,6
dRiverLake/d036.jpg,1
fResident/f145.jpg,3
aGrass/a132.jpg,2
gParking/g316.jpg,4
cIndustry/c299.jpg,0
aGrass/a264.jpg,2
aGrass/a216.jpg,2
eForest/e022.jpg,6
aGrass/a123.jpg,2
eForest/e130.jpg,6
dRiverLake/d287.jpg,1
bField/b358.jpg,5
bField/b049.jpg,5
cIndustry/c096.jpg,0
dRiverLake/d350.jpg,1
fResident/f038.jpg,3
cIndustry/c110.jpg,0
dRiverLake/d191.jpg,1
aGrass/a075.jpg,2
gParking/g286.jpg,4
cIndustry/c243.jpg,0
dRiverLake/d067.jpg,1
eForest/e371.jpg,6
gParking/g314.jpg,4
eForest/e291.jpg,6
dRiverLake/d087.jpg,1
eForest/e197.jpg,6
gParking/g052.jpg,4
cIndustry/c045.jpg,0
eForest/e244.jpg,6
dRiverLake/d200.jpg,1
dRiverLake/d265.jpg,1
fResident/f138.jpg,3
eForest/e327.jpg,6
bField/b149.jpg,5
cIndustry/c018.jpg,0
aGrass/a214.jpg,2
bField/b360.jpg,5
aGrass/a340.jpg,2
aGrass/a231.jpg,2
gParking/g356.jpg,4
bField/b139.jpg,5
fResident/f263.jpg,3
bField/b106.jpg,5
cIndustry/c369.jpg,0
aGrass/a121.jpg,2
bField/b314.jpg,5
fResident/f234.jpg,3
cIndustry/c092.jpg,0
eForest/e142.jpg,6
aGrass/a052.jpg,2
aGrass/a100.jpg,2
bField/b302.jpg,5
gParking/g207.jpg,4
dRiverLake/d007.jpg,1
cIndustry/c158.jpg,0
fResident/f345.jpg,3
bField/b168.jpg,5
eForest/e318.jpg,6
cIndustry/c339.jpg,0
cIndustry/c017.jpg,0
eForest/e221.jpg,6
bField/b397.jpg,5
gParking/g139.jpg,4
bField/b329.jpg,5
cIndustry/c331.jpg,0
eForest/e236.jpg,6
eForest/e170.jpg,6
cIndustry/c295.jpg,0
bField/b322.jpg,5
fResident/f363.jpg,3
bField/b183.jpg,5
gParking/g252.jpg,4
aGrass/a390.jpg,2
bField/b132.jpg,5
fResident/f321.jpg,3
fResident/f352.jpg,3
fResident/f193.jpg,3
aGrass/a042.jpg,2
eForest/e062.jpg,6
eForest/e166.jpg,6
dRiverLake/d159.jpg,1
dRiverLake/d051.jpg,1
eForest/e376.jpg,6
eForest/e242.jpg,6
bField/b269.jpg,5
gParking/g343.jpg,4
eForest/e111.jpg,6
gParking/g250.jpg,4
aGrass/a335.jpg,2
cIndustry/c252.jpg,0
bField/b228.jpg,5
bField/b276.jpg,5
eForest/e098.jpg,6
gParking/g159.jpg,4
fResident/f198.jpg,3
gParking/g044.jpg,4
gParking/g258.jpg,4
fResident/f349.jpg,3
fResident/f380.jpg,3
eForest/e362.jpg,6
eForest/e009.jpg,6
cIndustry/c114.jpg,0
eForest/e056.jpg,6
eForest/e246.jpg,6
eForest/e351.jpg,6
gParking/g360.jpg,4
fResident/f314.jpg,3
eForest/e335.jpg,6
cIndustry/c130.jpg,0
gParking/g045.jpg,4
eForest/e252.jpg,6
bField/b379.jpg,5
aGrass/a198.jpg,2
cIndustry/c006.jpg,0
dRiverLake/d332.jpg,1
aGrass/a068.jpg,2
dRiverLake/d379.jpg,1
bField/b075.jpg,5
fResident/f259.jpg,3
bField/b282.jpg,5
fResident/f101.jpg,3
aGrass/a397.jpg,2
eForest/e219.jpg,6
aGrass/a098.jpg,2
gParking/g244.jpg,4
eForest/e247.jpg,6
dRiverLake/d348.jpg,1
bField/b381.jpg,5
aGrass/a150.jpg,2
fResident/f077.jpg,3
bField/b202.jpg,5
aGrass/a321.jpg,2
aGrass/a093.jpg,2
cIndustry/c016.jpg,0
bField/b078.jpg,5
bField/b251.jpg,5
aGrass/a164.jpg,2
eForest/e045.jpg,6
eForest/e228.jpg,6
eForest/e355.jpg,6
cIndustry/c117.jpg,0
bField/b359.jpg,5
dRiverLake/d336.jpg,1
cIndustry/c210.jpg,0
bField/b370.jpg,5
aGrass/a247.jpg,2
eForest/e187.jpg,6
bField/b010.jpg,5
gParking/g108.jpg,4
dRiverLake/d137.jpg,1
gParking/g280.jpg,4
bField/b009.jpg,5
fResident/f280.jpg,3
eForest/e081.jpg,6
bField/b026.jpg,5
bField/b130.jpg,5
bField/b365.jpg,5
fResident/f208.jpg,3
fResident/f195.jpg,3
bField/b369.jpg,5
dRiverLake/d231.jpg,1
eForest/e082.jpg,6
aGrass/a018.jpg,2
fResident/f389.jpg,3
eForest/e131.jpg,6
bField/b285.jpg,5
fResident/f118.jpg,3
aGrass/a298.jpg,2
bField/b243.jpg,5
bField/b231.jpg,5
bField/b019.jpg,5
cIndustry/c279.jpg,0
eForest/e176.jpg,6
fResident/f289.jpg,3
cIndustry/c191.jpg,0
cIndustry/c337.jpg,0
cIndustry/c377.jpg,0
fResident/f388.jpg,3
eForest/e060.jpg,6
bField/b258.jpg,5
gParking/g375.jpg,4
fResident/f241.jpg,3
fResident/f190.jpg,3
cIndustry/c216.jpg,0
gParking/g298.jpg,4
gParking/g158.jpg,4
gParking/g140.jpg,4
bField/b150.jpg,5
cIndustry/c297.jpg,0
fResident/f367.jpg,3
fResident/f185.jpg,3
fResident/f291.jpg,3
gParking/g315.jpg,4
bField/b170.jpg,5
gParking/g346.jpg,4
aGrass/a266.jpg,2
dRiverLake/d369.jpg,1
gParking/g010.jpg,4
bField/b080.jpg,5
dRiverLake/d389.jpg,1
cIndustry/c214.jpg,0
gParking/g354.jpg,4
aGrass/a051.jpg,2
eForest/e144.jpg,6
dRiverLake/d033.jpg,1
dRiverLake/d279.jpg,1
gParking/g376.jpg,4
cIndustry/c346.jpg,0
cIndustry/c031.jpg,0
gParking/g387.jpg,4
cIndustry/c150.jpg,0
gParking/g174.jpg,4
aGrass/a148.jpg,2
aGrass/a116.jpg,2
dRiverLake/d277.jpg,1
eForest/e258.jpg,6
aGrass/a030.jpg,2
fResident/f070.jpg,3
bField/b125.jpg,5
cIndustry/c111.jpg,0
gParking/g195.jpg,4
gParking/g142.jpg,4
cIndustry/c249.jpg,0
aGrass/a348.jpg,2
dRiverLake/d339.jpg,1
eForest/e223.jpg,6
bField/b191.jpg,5
fResident/f171.jpg,3
gParking/g328.jpg,4
aGrass/a260.jpg,2
eForest/e107.jpg,6
cIndustry/c011.jpg,0
gParking/g211.jpg,4
gParking/g036.jpg,4
dRiverLake/d022.jpg,1
fResident/f279.jpg,3
fResident/f332.jpg,3
fResident/f372.jpg,3
aGrass/a240.jpg,2
dRiverLake/d208.jpg,1
eForest/e119.jpg,6
cIndustry/c254.jpg,0
bField/b186.jpg,5
cIndustry/c145.jpg,0
gParking/g313.jpg,4
bField/b291.jpg,5
gParking/g284.jpg,4
gParking/g013.jpg,4
bField/b247.jpg,5
gParking/g229.jpg,4
eForest/e105.jpg,6
dRiverLake/d172.jpg,1
fResident/f384.jpg,3
cIndustry/c310.jpg,0
eForest/e331.jpg,6
bField/b091.jpg,5
bField/b316.jpg,5
gParking/g062.jpg,4
aGrass/a017.jpg,2
dRiverLake/d026.jpg,1
gParking/g011.jpg,4
eForest/e104.jpg,6
bField/b024.jpg,5
gParking/g396.jpg,4
fResident/f339.jpg,3
cIndustry/c353.jpg,0
fResident/f365.jpg,3
aGrass/a210.jpg,2
dRiverLake/d267.jpg,1
cIndustry/c317.jpg,0
dRiverLake/d028.jpg,1
gParking/g224.jpg,4
dRiverLake/d278.jpg,1
eForest/e307.jpg,6
aGrass/a238.jpg,2
dRiverLake/d345.jpg,1
bField/b280.jpg,5
cIndustry/c277.jpg,0
eForest/e235.jpg,6
fResident/f099.jpg,3
cIndustry/c052.jpg,0
gParking/g018.jpg,4
gParking/g291.jpg,4
dRiverLake/d375.jpg,1
gParking/g034.jpg,4
dRiverLake/d119.jpg,1
dRiverLake/d293.jpg,1
dRiverLake/d055.jpg,1
bField/b134.jpg,5
cIndustry/c137.jpg,0
cIndustry/c180.jpg,0
cIndustry/c233.jpg,0
cIndustry/c212.jpg,0
dRiverLake/d094.jpg,1
aGrass/a305.jpg,2
eForest/e149.jpg,6
fResident/f271.jpg,3
eForest/e357.jpg,6
fResident/f050.jpg,3
cIndustry/c311.jpg,0
bField/b308.jpg,5
eForest/e320.jpg,6
cIndustry/c189.jpg,0
aGrass/a137.jpg,2
bField/b033.jpg,5
eForest/e035.jpg,6
gParking/g096.jpg,4
bField/b194.jpg,5
bField/b277.jpg,5
dRiverLake/d010.jpg,1
fResident/f333.jpg,3
eForest/e379.jpg,6
gParking/g086.jpg,4
aGrass/a376.jpg,2
cIndustry/c209.jpg,0
aGrass/a077.jpg,2
bField/b366.jpg,5
cIndustry/c071.jpg,0
aGrass/a115.jpg,2
bField/b166.jpg,5
fResident/f123.jpg,3
cIndustry/c123.jpg,0
eForest/e272.jpg,6
eForest/e068.jpg,6
gParking/g168.jpg,4
gParking/g104.jpg,4
dRiverLake/d235.jpg,1
gParking/g348.jpg,4
bField/b056.jpg,5
cIndustry/c253.jpg,0
aGrass/a225.jpg,2
eForest/e364.jpg,6
aGrass/a341.jpg,2
bField/b119.jpg,5
eForest/e348.jpg,6
dRiverLake/d398.jpg,1
fResident/f371.jpg,3
aGrass/a096.jpg,2
dRiverLake/d065.jpg,1
gParking/g248.jpg,4
dRiverLake/d040.jpg,1
eForest/e332.jpg,6
cIndustry/c176.jpg,0
fResident/f061.jpg,3
aGrass/a146.jpg,2
dRiverLake/d270.jpg,1
bField/b005.jpg,5
dRiverLake/d236.jpg,1
eForest/e027.jpg,6
gParking/g295.jpg,4
gParking/g022.jpg,4
gParking/g333.jpg,4
eForest/e304.jpg,6
dRiverLake/d303.jpg,1
gParking/g309.jpg,4
gParking/g107.jpg,4
gParking/g397.jpg,4
eForest/e309.jpg,6
gParking/g386.jpg,4
bField/b030.jpg,5
gParking/g076.jpg,4
gParking/g362.jpg,4
fResident/f386.jpg,3
fResident/f115.jpg,3
fResident/f278.jpg,3
eForest/e135.jpg,6
cIndustry/c185.jpg,0
eForest/e264.jpg,6
dRiverLake/d347.jpg,1
dRiverLake/d204.jpg,1
dRiverLake/d344.jpg,1
cIndustry/c323.jpg,0
aGrass/a066.jpg,2
gParking/g241.jpg,4
fResident/f021.jpg,3
bField/b178.jpg,5
fResident/f162.jpg,3
dRiverLake/d318.jpg,1
gParking/g267.jpg,4
cIndustry/c112.jpg,0
aGrass/a399.jpg,2
fResident/f222.jpg,3
bField/b327.jpg,5
dRiverLake/d386.jpg,1
fResident/f034.jpg,3
cIndustry/c284.jpg,0
dRiverLake/d155.jpg,1
cIndustry/c217.jpg,0
aGrass/a315.jpg,2
bField/b143.jpg,5
bField/b107.jpg,5
eForest/e208.jpg,6
dRiverLake/d194.jpg,1
fResident/f220.jpg,3
dRiverLake/d168.jpg,1
aGrass/a085.jpg,2
bField/b016.jpg,5
gParking/g073.jpg,4
bField/b256.jpg,5
aGrass/a108.jpg,2
bField/b238.jpg,5
cIndustry/c268.jpg,0
cIndustry/c138.jpg,0
aGrass/a144.jpg,2
cIndustry/c275.jpg,0
fResident/f334.jpg,3
aGrass/a250.jpg,2
bField/b374.jpg,5
cIndustry/c373.jpg,0
fResident/f102.jpg,3
dRiverLake/d290.jpg,1
eForest/e184.jpg,6
dRiverLake/d325.jpg,1
gParking/g017.jpg,4
cIndustry/c283.jpg,0
aGrass/a299.jpg,2
fResident/f311.jpg,3
eForest/e078.jpg,6
fResident/f046.jpg,3
cIndustry/c179.jpg,0
gParking/g322.jpg,4
fResident/f235.jpg,3
fResident/f340.jpg,3
fResident/f068.jpg,3
bField/b199.jpg,5
dRiverLake/d324.jpg,1
bField/b295.jpg,5
aGrass/a113.jpg,2
eForest/e057.jpg,6
fResident/f052.jpg,3
dRiverLake/d027.jpg,1
eForest/e054.jpg,6
fResident/f343.jpg,3
aGrass/a062.jpg,2
dRiverLake/d372.jpg,1
cIndustry/c394.jpg,0
fResident/f210.jpg,3
aGrass/a049.jpg,2
dRiverLake/d179.jpg,1
fResident/f219.jpg,3
eForest/e072.jpg,6
fResident/f022.jpg,3
dRiverLake/d066.jpg,1
bField/b357.jpg,5
gParking/g388.jpg,4
aGrass/a398.jpg,2
cIndustry/c118.jpg,0
bField/b389.jpg,5
bField/b029.jpg,5
gParking/g172.jpg,4
bField/b399.jpg,5
eForest/e190.jpg,6
dRiverLake/d117.jpg,1
bField/b148.jpg,5
bField/b072.jpg,5
fResident/f093.jpg,3
eForest/e192.jpg,6
eForest/e052.jpg,6
gParking/g262.jpg,4
cIndustry/c363.jpg,0
eForest/e137.jpg,6
dRiverLake/d207.jpg,1
dRiverLake/d249.jpg,1
aGrass/a393.jpg,2
aGrass/a311.jpg,2
bField/b120.jpg,5
gParking/g342.jpg,4
cIndustry/c027.jpg,0
aGrass/a130.jpg,2
aGrass/a088.jpg,2
gParking/g088.jpg,4
dRiverLake/d165.jpg,1
cIndustry/c290.jpg,0
bField/b306.jpg,5
cIndustry/c399.jpg,0
gParking/g377.jpg,4
gParking/g137.jpg,4
fResident/f163.jpg,3
aGrass/a291.jpg,2
fResident/f288.jpg,3
gParking/g302.jpg,4
cIndustry/c201.jpg,0
cIndustry/c302.jpg,0
eForest/e164.jpg,6
eForest/e194.jpg,6
dRiverLake/d156.jpg,1
eForest/e051.jpg,6
dRiverLake/d131.jpg,1
cIndustry/c351.jpg,0
gParking/g231.jpg,4
cIndustry/c010.jpg,0
aGrass/a272.jpg,2
bField/b220.jpg,5
aGrass/a158.jpg,2
aGrass/a053.jpg,2
fResident/f183.jpg,3
aGrass/a381.jpg,2
bField/b182.jpg,5
bField/b017.jpg,5
fResident/f269.jpg,3
dRiverLake/d072.jpg,1
cIndustry/c293.jpg,0
bField/b063.jpg,5
cIndustry/c196.jpg,0
cIndustry/c058.jpg,0
gParking/g193.jpg,4
bField/b262.jpg,5
bField/b284.jpg,5
gParking/g301.jpg,4
bField/b110.jpg,5
aGrass/a245.jpg,2
gParking/g188.jpg,4
eForest/e245.jpg,6
dRiverLake/d109.jpg,1
cIndustry/c170.jpg,0
gParking/g081.jpg,4
fResident/f354.jpg,3
dRiverLake/d307.jpg,1
aGrass/a103.jpg,2
gParking/g019.jpg,4
cIndustry/c232.jpg,0
fResident/f393.jpg,3
gParking/g243.jpg,4
cIndustry/c003.jpg,0
aGrass/a089.jpg,2
fResident/f051.jpg,3
eForest/e333.jpg,6
dRiverLake/d142.jpg,1
eForest/e225.jpg,6
aGrass/a057.jpg,2
fResident/f154.jpg,3
gParking/g326.jpg,4
dRiverLake/d171.jpg,1
bField/b221.jpg,5
aGrass/a261.jpg,2
aGrass/a277.jpg,2
gParking/g063.jpg,4
eForest/e075.jpg,6
cIndustry/c101.jpg,0
gParking/g054.jpg,4
bField/b013.jpg,5
gParking/g157.jpg,4
dRiverLake/d064.jpg,1
eForest/e179.jpg,6
gParking/g053.jpg,4
aGrass/a360.jpg,2
aGrass/a040.jpg,2
eForest/e017.jpg,6
gParking/g293.jpg,4
cIndustry/c106.jpg,0
aGrass/a021.jpg,2
cIndustry/c352.jpg,0
gParking/g350.jpg,4
fResident/f264.jpg,3
cIndustry/c287.jpg,0
eForest/e374.jpg,6
cIndustry/c012.jpg,0
bField/b006.jpg,5
dRiverLake/d268.jpg,1
aGrass/a211.jpg,2
eForest/e069.jpg,6
aGrass/a236.jpg,2
eForest/e365.jpg,6
bField/b035.jpg,5
bField/b092.jpg,5
eForest/e006.jpg,6
dRiverLake/d351.jpg,1
eForest/e281.jpg,6
dRiverLake/d187.jpg,1
dRiverLake/d143.jpg,1
bField/b002.jpg,5
cIndustry/c063.jpg,0
fResident/f073.jpg,3
aGrass/a205.jpg,2
bField/b298.jpg,5
fResident/f207.jpg,3
gParking/g352.jpg,4
gParking/g082.jpg,4
dRiverLake/d169.jpg,1
fResident/f247.jpg,3
eForest/e091.jpg,6
fResident/f398.jpg,3
fResident/f373.jpg,3
fResident/f117.jpg,3
gParking/g154.jpg,4
dRiverLake/d031.jpg,1
gParking/g058.jpg,4
cIndustry/c143.jpg,0
bField/b066.jpg,5
dRiverLake/d071.jpg,1
dRiverLake/d100.jpg,1
fResident/f043.jpg,3
aGrass/a091.jpg,2
bField/b109.jpg,5
aGrass/a004.jpg,2
cIndustry/c032.jpg,0
gParking/g254.jpg,4
cIndustry/c043.jpg,0
fResident/f015.jpg,3
cIndustry/c064.jpg,0
fResident/f173.jpg,3
bField/b239.jpg,5
aGrass/a010.jpg,2
cIndustry/c372.jpg,0
gParking/g033.jpg,4
gParking/g191.jpg,4
aGrass/a314.jpg,2
eForest/e018.jpg,6
bField/b326.jpg,5
fResident/f053.jpg,3
bField/b027.jpg,5
cIndustry/c248.jpg,0
aGrass/a140.jpg,2
cIndustry/c116.jpg,0
fResident/f350.jpg,3
aGrass/a273.jpg,2
fResident/f237.jpg,3
aGrass/a041.jpg,2
eForest/e008.jpg,6
eForest/e093.jpg,6
fResident/f132.jpg,3
fResident/f116.jpg,3
gParking/g102.jpg,4
aGrass/a153.jpg,2
gParking/g390.jpg,4
aGrass/a133.jpg,2
eForest/e370.jpg,6
cIndustry/c269.jpg,0
fResident/f302.jpg,3
cIndustry/c387.jpg,0
bField/b188.jpg,5
gParking/g024.jpg,4
dRiverLake/d360.jpg,1
gParking/g066.jpg,4
eForest/e275.jpg,6
aGrass/a251.jpg,2
aGrass/a265.jpg,2
fResident/f265.jpg,3
dRiverLake/d202.jpg,1
aGrass/a388.jpg,2
fResident/f317.jpg,3
dRiverLake/d263.jpg,1
cIndustry/c053.jpg,0
gParking/g226.jpg,4
eForest/e387.jpg,6
eForest/e012.jpg,6
cIndustry/c330.jpg,0
bField/b296.jpg,5
bField/b315.jpg,5
fResident/f347.jpg,3
dRiverLake/d288.jpg,1
fResident/f323.jpg,3
dRiverLake/d003.jpg,1
bField/b393.jpg,5
bField/b176.jpg,5
gParking/g144.jpg,4
gParking/g205.jpg,4
eForest/e229.jpg,6
fResident/f040.jpg,3
eForest/e011.jpg,6
eForest/e241.jpg,6
aGrass/a186.jpg,2
bField/b227.jpg,5
gParking/g083.jpg,4
dRiverLake/d392.jpg,1
eForest/e253.jpg,6
bField/b212.jpg,5
cIndustry/c357.jpg,0
eForest/e383.jpg,6
cIndustry/c072.jpg,0
fResident/f297.jpg,3
gParking/g312.jpg,4
bField/b159.jpg,5
fResident/f049.jpg,3
fResident/f005.jpg,3
bField/b099.jpg,5
bField/b236.jpg,5
fResident/f355.jpg,3
aGrass/a355.jpg,2
eForest/e195.jpg,6
eForest/e100.jpg,6
cIndustry/c090.jpg,0
cIndustry/c127.jpg,0
bField/b254.jpg,5
eForest/e274.jpg,6
gParking/g287.jpg,4
aGrass/a083.jpg,2
dRiverLake/d314.jpg,1
aGrass/a279.jpg,2
cIndustry/c266.jpg,0
aGrass/a022.jpg,2
dRiverLake/d108.jpg,1
bField/b181.jpg,5
dRiverLake/d013.jpg,1
cIndustry/c390.jpg,0
eForest/e321.jpg,6
gParking/g289.jpg,4
eForest/e147.jpg,6
gParking/g049.jpg,4
dRiverLake/d367.jpg,1
gParking/g075.jpg,4
bField/b098.jpg,5
aGrass/a045.jpg,2
cIndustry/c078.jpg,0
gParking/g194.jpg,4
eForest/e231.jpg,6
aGrass/a181.jpg,2
eForest/e122.jpg,6
gParking/g117.jpg,4
fResident/f170.jpg,3
fResident/f315.jpg,3
bField/b375.jpg,5
cIndustry/c215.jpg,0
bField/b131.jpg,5
dRiverLake/d068.jpg,1
gParking/g246.jpg,4
dRiverLake/d209.jpg,1
dRiverLake/d340.jpg,1
cIndustry/c144.jpg,0
gParking/g351.jpg,4
gParking/g355.jpg,4
dRiverLake/d321.jpg,1
cIndustry/c073.jpg,0
dRiverLake/d012.jpg,1
bField/b113.jpg,5
eForest/e311.jpg,6
aGrass/a219.jpg,2
fResident/f364.jpg,3
gParking/g080.jpg,4
eForest/e230.jpg,6
fResident/f194.jpg,3
eForest/e058.jpg,6
cIndustry/c034.jpg,0
gParking/g179.jpg,4
cIndustry/c203.jpg,0
dRiverLake/d120.jpg,1
dRiverLake/d315.jpg,1
dRiverLake/d254.jpg,1
gParking/g221.jpg,4
fResident/f277.jpg,3
gParking/g004.jpg,4
fResident/f261.jpg,3
fResident/f359.jpg,3
dRiverLake/d030.jpg,1
eForest/e108.jpg,6
dRiverLake/d341.jpg,1
dRiverLake/d045.jpg,1
cIndustry/c132.jpg,0
gParking/g217.jpg,4
bField/b140.jpg,5
aGrass/a354.jpg,2
eForest/e377.jpg,6
aGrass/a316.jpg,2
gParking/g297.jpg,4
gParking/g294.jpg,4
eForest/e287.jpg,6
gParking/g124.jpg,4
cIndustry/c039.jpg,0
cIndustry/c244.jpg,0
dRiverLake/d147.jpg,1
fResident/f310.jpg,3
eForest/e034.jpg,6
dRiverLake/d285.jpg,1
dRiverLake/d284.jpg,1
aGrass/a257.jpg,2
aGrass/a162.jpg,2
gParking/g122.jpg,4
cIndustry/c385.jpg,0
gParking/g145.jpg,4
gParking/g141.jpg,4
gParking/g361.jpg,4
eForest/e267.jpg,6
aGrass/a254.jpg,2
dRiverLake/d365.jpg,1
gParking/g260.jpg,4
dRiverLake/d302.jpg,1
bField/b356.jpg,5
dRiverLake/d074.jpg,1
aGrass/a292.jpg,2
gParking/g046.jpg,4
dRiverLake/d240.jpg,1
bField/b102.jpg,5
eForest/e381.jpg,6
bField/b084.jpg,5
cIndustry/c146.jpg,0
bField/b380.jpg,5
aGrass/a241.jpg,2
fResident/f270.jpg,3
dRiverLake/d050.jpg,1
aGrass/a094.jpg,2
dRiverLake/d223.jpg,1
gParking/g296.jpg,4
eForest/e199.jpg,6
bField/b219.jpg,5
eForest/e129.jpg,6
eForest/e005.jpg,6
eForest/e380.jpg,6
aGrass/a281.jpg,2
eForest/e298.jpg,6
eForest/e110.jpg,6
gParking/g192.jpg,4
cIndustry/c088.jpg,0
eForest/e026.jpg,6
bField/b020.jpg,5
gParking/g092.jpg,4
gParking/g021.jpg,4
eForest/e031.jpg,6
fResident/f109.jpg,3
aGrass/a255.jpg,2
gParking/g133.jpg,4
dRiverLake/d110.jpg,1
bField/b287.jpg,5
gParking/g094.jpg,4
cIndustry/c050.jpg,0
eForest/e368.jpg,6
cIndustry/c350.jpg,0
aGrass/a050.jpg,2
bField/b050.jpg,5
aGrass/a309.jpg,2
dRiverLake/d121.jpg,1
bField/b255.jpg,5
fResident/f134.jpg,3
dRiverLake/d079.jpg,1
aGrass/a152.jpg,2
fResident/f096.jpg,3
aGrass/a270.jpg,2
fResident/f098.jpg,3
cIndustry/c315.jpg,0
eForest/e385.jpg,6
dRiverLake/d229.jpg,1
bField/b373.jpg,5
bField/b151.jpg,5
cIndustry/c193.jpg,0
dRiverLake/d245.jpg,1
eForest/e345.jpg,6
dRiverLake/d260.jpg,1
fResident/f095.jpg,3
fResident/f159.jpg,3
aGrass/a274.jpg,2
cIndustry/c026.jpg,0
aGrass/a111.jpg,2
aGrass/a069.jpg,2
aGrass/a389.jpg,2
eForest/e030.jpg,6
cIndustry/c030.jpg,0
bField/b264.jpg,5
fResident/f383.jpg,3
cIndustry/c095.jpg,0
cIndustry/c240.jpg,0
aGrass/a343.jpg,2
fResident/f122.jpg,3
gParking/g236.jpg,4
fResident/f092.jpg,3
fResident/f358.jpg,3
eForest/e388.jpg,6
dRiverLake/d326.jpg,1
dRiverLake/d352.jpg,1
eForest/e159.jpg,6
fResident/f047.jpg,3
bField/b126.jpg,5
eForest/e063.jpg,6
dRiverLake/d070.jpg,1
cIndustry/c172.jpg,0
fResident/f039.jpg,3
fResident/f010.jpg,3
gParking/g281.jpg,4
dRiverLake/d167.jpg,1
bField/b353.jpg,5
bField/b105.jpg,5
bField/b065.jpg,5
aGrass/a064.jpg,2
cIndustry/c100.jpg,0
cIndustry/c231.jpg,0
gParking/g197.jpg,4
bField/b053.jpg,5
cIndustry/c274.jpg,0
fResident/f360.jpg,3
gParking/g042.jpg,4
bField/b225.jpg,5
gParking/g223.jpg,4
gParking/g372.jpg,4
dRiverLake/d185.jpg,1
fResident/f169.jpg,3
fResident/f377.jpg,3
aGrass/a189.jpg,2
gParking/g393.jpg,4
bField/b051.jpg,5
aGrass/a076.jpg,2
gParking/g336.jpg,4
bField/b040.jpg,5
gParking/g146.jpg,4
aGrass/a378.jpg,2
aGrass/a157.jpg,2
bField/b045.jpg,5
fResident/f097.jpg,3
eForest/e071.jpg,6
eForest/e243.jpg,6
fResident/f322.jpg,3
dRiverLake/d097.jpg,1
fResident/f031.jpg,3
dRiverLake/d029.jpg,1
bField/b261.jpg,5
bField/b059.jpg,5
gParking/g238.jpg,4
fResident/f081.jpg,3
gParking/g119.jpg,4
gParking/g111.jpg,4
eForest/e156.jpg,6
eForest/e337.jpg,6
dRiverLake/d180.jpg,1
gParking/g051.jpg,4
dRiverLake/d078.jpg,1
cIndustry/c121.jpg,0
dRiverLake/d093.jpg,1
dRiverLake/d291.jpg,1
aGrass/a278.jpg,2
aGrass/a054.jpg,2
dRiverLake/d077.jpg,1
bField/b364.jpg,5
aGrass/a295.jpg,2
cIndustry/c182.jpg,0
fResident/f215.jpg,3
aGrass/a013.jpg,2
dRiverLake/d327.jpg,1
dRiverLake/d212.jpg,1
eForest/e389.jpg,6
aGrass/a217.jpg,2
aGrass/a268.jpg,2
cIndustry/c076.jpg,0
dRiverLake/d177.jpg,1
cIndustry/c023.jpg,0
eForest/e055.jpg,6
eForest/e096.jpg,6
aGrass/a171.jpg,2
bField/b123.jpg,5
fResident/f089.jpg,3
dRiverLake/d118.jpg,1
eForest/e092.jpg,6
eForest/e289.jpg,6
aGrass/a290.jpg,2
dRiverLake/d020.jpg,1
aGrass/a026.jpg,2
bField/b344.jpg,5
dRiverLake/d164.jpg,1
dRiverLake/d242.jpg,1
eForest/e301.jpg,6
eForest/e160.jpg,6
dRiverLake/d320.jpg,1
fResident/f025.jpg,3
gParking/g277.jpg,4
fResident/f007.jpg,3
aGrass/a082.jpg,2
cIndustry/c259.jpg,0
fResident/f394.jpg,3
aGrass/a193.jpg,2
bField/b268.jpg,5
cIndustry/c230.jpg,0
cIndustry/c376.jpg,0
gParking/g263.jpg,4
cIndustry/c207.jpg,0
eForest/e382.jpg,6
fResident/f338.jpg,3
fResident/f080.jpg,3
eForest/e182.jpg,6
aGrass/a263.jpg,2
fResident/f060.jpg,3
gParking/g382.jpg,4
bField/b048.jpg,5
aGrass/a363.jpg,2
eForest/e185.jpg,6
dRiverLake/d125.jpg,1
eForest/e338.jpg,6
fResident/f254.jpg,3
bField/b146.jpg,5
aGrass/a330.jpg,2
aGrass/a134.jpg,2
cIndustry/c336.jpg,0
aGrass/a362.jpg,2
eForest/e216.jpg,6
gParking/g014.jpg,4
gParking/g166.jpg,4
fResident/f243.jpg,3
cIndustry/c163.jpg,0
bField/b396.jpg,5
dRiverLake/d011.jpg,1
fResident/f258.jpg,3
gParking/g363.jpg,4
aGrass/a190.jpg,2
bField/b157.jpg,5
cIndustry/c286.jpg,0
fResident/f033.jpg,3
cIndustry/c157.jpg,0
aGrass/a392.jpg,2
dRiverLake/d241.jpg,1
gParking/g100.jpg,4
bField/b367.jpg,5
bField/b128.jpg,5
fResident/f074.jpg,3
dRiverLake/d230.jpg,1
dRiverLake/d152.jpg,1
eForest/e269.jpg,6
dRiverLake/d101.jpg,1
bField/b023.jpg,5
gParking/g271.jpg,4
eForest/e109.jpg,6
aGrass/a373.jpg,2
cIndustry/c340.jpg,0
gParking/g007.jpg,4
dRiverLake/d385.jpg,1
dRiverLake/d056.jpg,1
dRiverLake/d264.jpg,1
gParking/g237.jpg,4
gParking/g097.jpg,4
dRiverLake/d122.jpg,1
eForest/e140.jpg,6
gParking/g383.jpg,4
eForest/e323.jpg,6
cIndustry/c354.jpg,0
bField/b242.jpg,5
gParking/g212.jpg,4
gParking/g090.jpg,4
fResident/f144.jpg,3
fResident/f301.jpg,3
gParking/g109.jpg,4
gParking/g009.jpg,4
aGrass/a002.jpg,2
dRiverLake/d058.jpg,1
aGrass/a364.jpg,2
dRiverLake/d015.jpg,1
fResident/f282.jpg,3
cIndustry/c199.jpg,0
aGrass/a009.jpg,2
cIndustry/c359.jpg,0
gParking/g079.jpg,4
aGrass/a122.jpg,2
cIndustry/c388.jpg,0
dRiverLake/d044.jpg,1
aGrass/a346.jpg,2
cIndustry/c314.jpg,0
aGrass/a361.jpg,2
fResident/f191.jpg,3
gParking/g233.jpg,4
aGrass/a228.jpg,2
fResident/f211.jpg,3
bField/b138.jpg,5
fResident/f221.jpg,3
aGrass/a175.jpg,2
aGrass/a139.jpg,2
eForest/e139.jpg,6
eForest/e116.jpg,6
bField/b266.jpg,5
bField/b101.jpg,5
cIndustry/c059.jpg,0
gParking/g358.jpg,4
aGrass/a177.jpg,2
eForest/e315.jpg,6
aGrass/a192.jpg,2
gParking/g150.jpg,4
cIndustry/c113.jpg,0
cIndustry/c306.jpg,0
gParking/g165.jpg,4
dRiverLake/d217.jpg,1
aGrass/a237.jpg,2
aGrass/a359.jpg,2
bField/b147.jpg,5
fResident/f063.jpg,3
eForest/e248.jpg,6
aGrass/a320.jpg,2
cIndustry/c265.jpg,0
dRiverLake/d233.jpg,1
gParking/g357.jpg,4
fResident/f016.jpg,3
cIndustry/c250.jpg,0
fResident/f186.jpg,3
eForest/e284.jpg,6
dRiverLake/d166.jpg,1
bField/b145.jpg,5
aGrass/a011.jpg,2
cIndustry/c225.jpg,0
gParking/g269.jpg,4
cIndustry/c103.jpg,0
fResident/f155.jpg,3
bField/b163.jpg,5
fResident/f342.jpg,3
aGrass/a078.jpg,2
fResident/f197.jpg,3
fResident/f320.jpg,3
bField/b173.jpg,5
aGrass/a143.jpg,2
bField/b240.jpg,5
cIndustry/c347.jpg,0
eForest/e278.jpg,6
eForest/e254.jpg,6
gParking/g374.jpg,4
gParking/g304.jpg,4
aGrass/a204.jpg,2
aGrass/a141.jpg,2
bField/b229.jpg,5
bField/b055.jpg,5
dRiverLake/d004.jpg,1
dRiverLake/d323.jpg,1
fResident/f305.jpg,3
aGrass/a058.jpg,2
cIndustry/c167.jpg,0
bField/b305.jpg,5
dRiverLake/d377.jpg,1
aGrass/a369.jpg,2
cIndustry/c178.jpg,0
bField/b249.jpg,5
fResident/f182.jpg,3
cIndustry/c021.jpg,0
gParking/g279.jpg,4
eForest/e041.jpg,6
dRiverLake/d104.jpg,1
gParking/g027.jpg,4
fResident/f341.jpg,3
gParking/g099.jpg,4
fResident/f260.jpg,3
cIndustry/c162.jpg,0
dRiverLake/d116.jpg,1
cIndustry/c328.jpg,0
aGrass/a008.jpg,2
cIndustry/c025.jpg,0
fResident/f110.jpg,3
cIndustry/c308.jpg,0
eForest/e384.jpg,6
eForest/e085.jpg,6
bField/b021.jpg,5
cIndustry/c119.jpg,0
gParking/g378.jpg,4
aGrass/a382.jpg,2
eForest/e023.jpg,6
aGrass/a163.jpg,2
bField/b386.jpg,5
aGrass/a379.jpg,2
fResident/f362.jpg,3
cIndustry/c235.jpg,0
dRiverLake/d182.jpg,1
eForest/e204.jpg,6
dRiverLake/d247.jpg,1
gParking/g213.jpg,4
bField/b387.jpg,5
fResident/f019.jpg,3
gParking/g064.jpg,4
gParking/g057.jpg,4
eForest/e143.jpg,6
bField/b400.jpg,5
gParking/g089.jpg,4
fResident/f087.jpg,3
gParking/g131.jpg,4
cIndustry/c002.jpg,0
fResident/f308.jpg,3
aGrass/a037.jpg,2
dRiverLake/d301.jpg,1
dRiverLake/d275.jpg,1
eForest/e218.jpg,6
gParking/g181.jpg,4
aGrass/a224.jpg,2
cIndustry/c270.jpg,0
bField/b230.jpg,5
aGrass/a325.jpg,2
dRiverLake/d150.jpg,1
aGrass/a107.jpg,2
fResident/f205.jpg,3
fResident/f044.jpg,3
eForest/e171.jpg,6
gParking/g098.jpg,4
dRiverLake/d170.jpg,1
aGrass/a286.jpg,2
bField/b391.jpg,5
dRiverLake/d248.jpg,1
bField/b180.jpg,5
bField/b288.jpg,5
gParking/g185.jpg,4
dRiverLake/d393.jpg,1
dRiverLake/d096.jpg,1
eForest/e165.jpg,6
dRiverLake/d213.jpg,1
eForest/e205.jpg,6
gParking/g029.jpg,4
fResident/f178.jpg,3
aGrass/a328.jpg,2
dRiverLake/d292.jpg,1
eForest/e341.jpg,6
dRiverLake/d111.jpg,1
cIndustry/c198.jpg,0
bField/b248.jpg,5
fResident/f139.jpg,3
eForest/e168.jpg,6
aGrass/a317.jpg,2
dRiverLake/d244.jpg,1
fResident/f130.jpg,3
gParking/g394.jpg,4
gParking/g180.jpg,4
cIndustry/c267.jpg,0
dRiverLake/d034.jpg,1
eForest/e178.jpg,6
bField/b093.jpg,5
cIndustry/c093.jpg,0
gParking/g266.jpg,4
fResident/f361.jpg,3
cIndustry/c224.jpg,0
fResident/f337.jpg,3
dRiverLake/d221.jpg,1
cIndustry/c256.jpg,0
dRiverLake/d269.jpg,1
gParking/g199.jpg,4
eForest/e083.jpg,6
dRiverLake/d082.jpg,1
dRiverLake/d123.jpg,1
cIndustry/c154.jpg,0
fResident/f142.jpg,3
cIndustry/c392.jpg,0
bField/b100.jpg,5
gParking/g068.jpg,4
gParking/g230.jpg,4
aGrass/a307.jpg,2
eForest/e013.jpg,6
bField/b270.jpg,5
cIndustry/c160.jpg,0
fResident/f059.jpg,3
aGrass/a184.jpg,2
bField/b398.jpg,5
gParking/g381.jpg,4
fResident/f129.jpg,3
aGrass/a313.jpg,2
fResident/f149.jpg,3
eForest/e127.jpg,6
eForest/e064.jpg,6
cIndustry/c089.jpg,0
cIndustry/c379.jpg,0
dRiverLake/d252.jpg,1
fResident/f300.jpg,3
gParking/g106.jpg,4
aGrass/a318.jpg,2
dRiverLake/d047.jpg,1
dRiverLake/d017.jpg,1
eForest/e021.jpg,6
bField/b318.jpg,5
aGrass/a293.jpg,2
aGrass/a106.jpg,2
fResident/f382.jpg,3
bField/b252.jpg,5
cIndustry/c077.jpg,0
cIndustry/c223.jpg,0
eForest/e316.jpg,6
bField/b259.jpg,5
dRiverLake/d162.jpg,1
eForest/e128.jpg,6
cIndustry/c181.jpg,0
dRiverLake/d106.jpg,1
dRiverLake/d144.jpg,1
dRiverLake/d043.jpg,1
cIndustry/c020.jpg,0
eForest/e339.jpg,6
bField/b088.jpg,5
gParking/g340.jpg,4
eForest/e037.jpg,6
aGrass/a248.jpg,2
fResident/f330.jpg,3
aGrass/a127.jpg,2
eForest/e210.jpg,6
fResident/f327.jpg,3
dRiverLake/d312.jpg,1
eForest/e342.jpg,6
fResident/f017.jpg,3
dRiverLake/d129.jpg,1
fResident/f018.jpg,3
fResident/f262.jpg,3
fResident/f284.jpg,3
cIndustry/c142.jpg,0
fResident/f126.jpg,3
dRiverLake/d018.jpg,1
dRiverLake/d281.jpg,1
gParking/g006.jpg,4
fResident/f151.jpg,3
dRiverLake/d219.jpg,1
eForest/e106.jpg,6
dRiverLake/d158.jpg,1
cIndustry/c161.jpg,0
dRiverLake/d280.jpg,1
eForest/e094.jpg,6
dRiverLake/d086.jpg,1
bField/b217.jpg,5
cIndustry/c148.jpg,0
aGrass/a142.jpg,2
aGrass/a102.jpg,2
gParking/g050.jpg,4
aGrass/a187.jpg,2
cIndustry/c325.jpg,0
bField/b079.jpg,5
fResident/f212.jpg,3
fResident/f192.jpg,3
cIndustry/c028.jpg,0
fResident/f076.jpg,3
dRiverLake/d237.jpg,1
cIndustry/c213.jpg,0
eForest/e099.jpg,6
aGrass/a284.jpg,2
dRiverLake/d076.jpg,1
aGrass/a048.jpg,2
aGrass/a138.jpg,2
dRiverLake/d373.jpg,1
aGrass/a374.jpg,2
dRiverLake/d091.jpg,1
cIndustry/c152.jpg,0
cIndustry/c091.jpg,0
gParking/g214.jpg,4
cIndustry/c367.jpg,0
dRiverLake/d190.jpg,1
cIndustry/c222.jpg,0
bField/b011.jpg,5
bField/b198.jpg,5
cIndustry/c292.jpg,0
cIndustry/c068.jpg,0
fResident/f004.jpg,3
bField/b022.jpg,5
cIndustry/c278.jpg,0
fResident/f013.jpg,3
dRiverLake/d054.jpg,1
fResident/f055.jpg,3
fResident/f240.jpg,3
eForest/e066.jpg,6
dRiverLake/d084.jpg,1
eForest/e007.jpg,6
bField/b108.jpg,5
bField/b096.jpg,5
bField/b281.jpg,5
bField/b218.jpg,5
cIndustry/c139.jpg,0
gParking/g239.jpg,4
bField/b162.jpg,5
cIndustry/c169.jpg,0
dRiverLake/d400.jpg,1
bField/b184.jpg,5
fResident/f024.jpg,3
cIndustry/c036.jpg,0
fResident/f056.jpg,3
bField/b172.jpg,5
eForest/e256.jpg,6
bField/b175.jpg,5
aGrass/a297.jpg,2
bField/b115.jpg,5
aGrass/a252.jpg,2
dRiverLake/d381.jpg,1
aGrass/a125.jpg,2
dRiverLake/d132.jpg,1
eForest/e394.jpg,6
dRiverLake/d333.jpg,1
fResident/f181.jpg,3
gParking/g015.jpg,4
cIndustry/c396.jpg,0
fResident/f223.jpg,3
dRiverLake/d225.jpg,1
eForest/e369.jpg,6
gParking/g060.jpg,4
bField/b333.jpg,5
dRiverLake/d107.jpg,1
cIndustry/c166.jpg,0
fResident/f292.jpg,3
eForest/e124.jpg,6
bField/b124.jpg,5
gParking/g210.jpg,4
eForest/e392.jpg,6
