freeway\freeway65.tif,8
freeway\freeway66.tif,8
runway\runway95.tif,17
buildings\buildings86.tif,4
tenniscourt\tenniscourt77.tif,20
runway\runway92.tif,17
harbor\harbor37.tif,10
mediumresidential\mediumresidential68.tif,12
golfcourse\golfcourse09.tif,9
chaparral\chaparral54.tif,5
beach\beach67.tif,3
agricultural\agricultural45.tif,0
harbor\harbor13.tif,10
river\river44.tif,16
tenniscourt\tenniscourt26.tif,20
denseresidential\denseresidential71.tif,6
intersection\intersection40.tif,11
beach\beach59.tif,3
chaparral\chaparral93.tif,5
airplane\airplane78.tif,1
mobilehomepark\mobilehomepark09.tif,13
storagetanks\storagetanks29.tif,19
sparseresidential\sparseresidential80.tif,18
overpass\overpass78.tif,14
harbor\harbor20.tif,10
baseballdiamond\baseballdiamond55.tif,2
denseresidential\denseresidential78.tif,6
river\river47.tif,16
runway\runway54.tif,17
denseresidential\denseresidential95.tif,6
harbor\harbor60.tif,10
runway\runway39.tif,17
denseresidential\denseresidential07.tif,6
beach\beach22.tif,3
tenniscourt\tenniscourt91.tif,20
tenniscourt\tenniscourt87.tif,20
storagetanks\storagetanks22.tif,19
mobilehomepark\mobilehomepark96.tif,13
buildings\buildings82.tif,4
river\river82.tif,16
mediumresidential\mediumresidential71.tif,12
golfcourse\golfcourse04.tif,9
storagetanks\storagetanks26.tif,19
sparseresidential\sparseresidential35.tif,18
sparseresidential\sparseresidential56.tif,18
freeway\freeway12.tif,8
chaparral\chaparral53.tif,5
buildings\buildings49.tif,4
mediumresidential\mediumresidential36.tif,12
golfcourse\golfcourse38.tif,9
denseresidential\denseresidential38.tif,6
intersection\intersection60.tif,11
harbor\harbor83.tif,10
beach\beach20.tif,3
river\river85.tif,16
golfcourse\golfcourse73.tif,9
parkinglot\parkinglot05.tif,15
forest\forest77.tif,7
denseresidential\denseresidential36.tif,6
airplane\airplane10.tif,1
sparseresidential\sparseresidential54.tif,18
agricultural\agricultural76.tif,0
mobilehomepark\mobilehomepark35.tif,13
baseballdiamond\baseballdiamond95.tif,2
airplane\airplane04.tif,1
agricultural\agricultural68.tif,0
golfcourse\golfcourse61.tif,9
tenniscourt\tenniscourt13.tif,20
beach\beach92.tif,3
sparseresidential\sparseresidential74.tif,18
baseballdiamond\baseballdiamond50.tif,2
airplane\airplane95.tif,1
freeway\freeway47.tif,8
forest\forest50.tif,7
runway\runway01.tif,17
beach\beach51.tif,3
agricultural\agricultural02.tif,0
storagetanks\storagetanks67.tif,19
sparseresidential\sparseresidential11.tif,18
storagetanks\storagetanks94.tif,19
sparseresidential\sparseresidential45.tif,18
buildings\buildings51.tif,4
chaparral\chaparral65.tif,5
river\river65.tif,16
mobilehomepark\mobilehomepark01.tif,13
chaparral\chaparral14.tif,5
baseballdiamond\baseballdiamond28.tif,2
storagetanks\storagetanks43.tif,19
agricultural\agricultural38.tif,0
forest\forest70.tif,7
runway\runway44.tif,17
chaparral\chaparral57.tif,5
sparseresidential\sparseresidential99.tif,18
runway\runway38.tif,17
baseballdiamond\baseballdiamond48.tif,2
golfcourse\golfcourse42.tif,9
beach\beach75.tif,3
denseresidential\denseresidential18.tif,6
sparseresidential\sparseresidential61.tif,18
runway\runway50.tif,17
river\river59.tif,16
mediumresidential\mediumresidential66.tif,12
tenniscourt\tenniscourt90.tif,20
intersection\intersection86.tif,11
forest\forest58.tif,7
buildings\buildings43.tif,4
mobilehomepark\mobilehomepark18.tif,13
airplane\airplane46.tif,1
freeway\freeway29.tif,8
baseballdiamond\baseballdiamond57.tif,2
sparseresidential\sparseresidential39.tif,18
mediumresidential\mediumresidential03.tif,12
intersection\intersection69.tif,11
mobilehomepark\mobilehomepark83.tif,13
golfcourse\golfcourse24.tif,9
runway\runway00.tif,17
baseballdiamond\baseballdiamond80.tif,2
storagetanks\storagetanks75.tif,19
intersection\intersection67.tif,11
parkinglot\parkinglot50.tif,15
mediumresidential\mediumresidential26.tif,12
overpass\overpass53.tif,14
sparseresidential\sparseresidential60.tif,18
runway\runway76.tif,17
river\river66.tif,16
forest\forest06.tif,7
river\river87.tif,16
buildings\buildings08.tif,4
beach\beach79.tif,3
agricultural\agricultural49.tif,0
parkinglot\parkinglot90.tif,15
baseballdiamond\baseballdiamond16.tif,2
golfcourse\golfcourse70.tif,9
beach\beach98.tif,3
intersection\intersection47.tif,11
runway\runway73.tif,17
golfcourse\golfcourse44.tif,9
mobilehomepark\mobilehomepark92.tif,13
intersection\intersection71.tif,11
golfcourse\golfcourse55.tif,9
overpass\overpass46.tif,14
runway\runway62.tif,17
river\river04.tif,16
golfcourse\golfcourse34.tif,9
beach\beach64.tif,3
agricultural\agricultural75.tif,0
airplane\airplane62.tif,1
sparseresidential\sparseresidential23.tif,18
golfcourse\golfcourse92.tif,9
buildings\buildings87.tif,4
storagetanks\storagetanks79.tif,19
intersection\intersection26.tif,11
agricultural\agricultural52.tif,0
intersection\intersection37.tif,11
chaparral\chaparral44.tif,5
overpass\overpass14.tif,14
denseresidential\denseresidential58.tif,6
mediumresidential\mediumresidential43.tif,12
overpass\overpass55.tif,14
airplane\airplane02.tif,1
mobilehomepark\mobilehomepark91.tif,13
denseresidential\denseresidential21.tif,6
mediumresidential\mediumresidential40.tif,12
freeway\freeway23.tif,8
golfcourse\golfcourse87.tif,9
parkinglot\parkinglot24.tif,15
buildings\buildings01.tif,4
beach\beach49.tif,3
runway\runway07.tif,17
river\river24.tif,16
chaparral\chaparral66.tif,5
golfcourse\golfcourse08.tif,9
chaparral\chaparral28.tif,5
river\river63.tif,16
river\river96.tif,16
agricultural\agricultural43.tif,0
forest\forest49.tif,7
airplane\airplane36.tif,1
forest\forest01.tif,7
denseresidential\denseresidential93.tif,6
chaparral\chaparral31.tif,5
airplane\airplane68.tif,1
chaparral\chaparral45.tif,5
overpass\overpass42.tif,14
harbor\harbor08.tif,10
agricultural\agricultural26.tif,0
mobilehomepark\mobilehomepark41.tif,13
buildings\buildings78.tif,4
parkinglot\parkinglot81.tif,15
mobilehomepark\mobilehomepark67.tif,13
airplane\airplane91.tif,1
mediumresidential\mediumresidential75.tif,12
agricultural\agricultural44.tif,0
baseballdiamond\baseballdiamond18.tif,2
tenniscourt\tenniscourt28.tif,20
golfcourse\golfcourse52.tif,9
river\river16.tif,16
parkinglot\parkinglot12.tif,15
forest\forest63.tif,7
mobilehomepark\mobilehomepark58.tif,13
forest\forest71.tif,7
chaparral\chaparral21.tif,5
runway\runway48.tif,17
harbor\harbor09.tif,10
storagetanks\storagetanks02.tif,19
beach\beach45.tif,3
airplane\airplane12.tif,1
sparseresidential\sparseresidential40.tif,18
river\river30.tif,16
airplane\airplane00.tif,1
mobilehomepark\mobilehomepark13.tif,13
runway\runway30.tif,17
tenniscourt\tenniscourt67.tif,20
tenniscourt\tenniscourt55.tif,20
intersection\intersection22.tif,11
denseresidential\denseresidential05.tif,6
denseresidential\denseresidential65.tif,6
freeway\freeway56.tif,8
golfcourse\golfcourse95.tif,9
golfcourse\golfcourse66.tif,9
mediumresidential\mediumresidential93.tif,12
mobilehomepark\mobilehomepark48.tif,13
overpass\overpass06.tif,14
harbor\harbor96.tif,10
buildings\buildings57.tif,4
denseresidential\denseresidential73.tif,6
mediumresidential\mediumresidential53.tif,12
beach\beach68.tif,3
tenniscourt\tenniscourt21.tif,20
river\river43.tif,16
baseballdiamond\baseballdiamond34.tif,2
overpass\overpass10.tif,14
denseresidential\denseresidential70.tif,6
mobilehomepark\mobilehomepark19.tif,13
chaparral\chaparral30.tif,5
baseballdiamond\baseballdiamond01.tif,2
parkinglot\parkinglot08.tif,15
mediumresidential\mediumresidential00.tif,12
mediumresidential\mediumresidential76.tif,12
sparseresidential\sparseresidential29.tif,18
sparseresidential\sparseresidential15.tif,18
intersection\intersection62.tif,11
golfcourse\golfcourse63.tif,9
denseresidential\denseresidential77.tif,6
harbor\harbor68.tif,10
airplane\airplane47.tif,1
buildings\buildings55.tif,4
river\river57.tif,16
buildings\buildings03.tif,4
denseresidential\denseresidential28.tif,6
overpass\overpass72.tif,14
freeway\freeway30.tif,8
tenniscourt\tenniscourt62.tif,20
runway\runway10.tif,17
mediumresidential\mediumresidential78.tif,12
buildings\buildings16.tif,4
airplane\airplane09.tif,1
freeway\freeway14.tif,8
denseresidential\denseresidential06.tif,6
chaparral\chaparral24.tif,5
beach\beach04.tif,3
golfcourse\golfcourse19.tif,9
forest\forest80.tif,7
beach\beach85.tif,3
airplane\airplane64.tif,1
forest\forest93.tif,7
mediumresidential\mediumresidential38.tif,12
baseballdiamond\baseballdiamond63.tif,2
freeway\freeway72.tif,8
mobilehomepark\mobilehomepark55.tif,13
freeway\freeway94.tif,8
intersection\intersection76.tif,11
forest\forest28.tif,7
storagetanks\storagetanks57.tif,19
chaparral\chaparral08.tif,5
intersection\intersection73.tif,11
agricultural\agricultural99.tif,0
overpass\overpass61.tif,14
airplane\airplane87.tif,1
overpass\overpass91.tif,14
sparseresidential\sparseresidential75.tif,18
parkinglot\parkinglot82.tif,15
river\river77.tif,16
forest\forest45.tif,7
tenniscourt\tenniscourt20.tif,20
beach\beach34.tif,3
overpass\overpass00.tif,14
sparseresidential\sparseresidential70.tif,18
river\river17.tif,16
beach\beach61.tif,3
baseballdiamond\baseballdiamond05.tif,2
storagetanks\storagetanks23.tif,19
parkinglot\parkinglot11.tif,15
tenniscourt\tenniscourt39.tif,20
river\river22.tif,16
sparseresidential\sparseresidential10.tif,18
mobilehomepark\mobilehomepark27.tif,13
freeway\freeway36.tif,8
parkinglot\parkinglot15.tif,15
harbor\harbor67.tif,10
river\river01.tif,16
river\river36.tif,16
chaparral\chaparral29.tif,5
agricultural\agricultural05.tif,0
tenniscourt\tenniscourt00.tif,20
storagetanks\storagetanks24.tif,19
storagetanks\storagetanks48.tif,19
runway\runway06.tif,17
denseresidential\denseresidential34.tif,6
river\river10.tif,16
mobilehomepark\mobilehomepark81.tif,13
harbor\harbor82.tif,10
overpass\overpass45.tif,14
freeway\freeway08.tif,8
beach\beach08.tif,3
freeway\freeway68.tif,8
parkinglot\parkinglot80.tif,15
golfcourse\golfcourse58.tif,9
golfcourse\golfcourse25.tif,9
runway\runway51.tif,17
parkinglot\parkinglot01.tif,15
overpass\overpass85.tif,14
mobilehomepark\mobilehomepark45.tif,13
forest\forest12.tif,7
runway\runway65.tif,17
mediumresidential\mediumresidential28.tif,12
mediumresidential\mediumresidential30.tif,12
golfcourse\golfcourse18.tif,9
mobilehomepark\mobilehomepark22.tif,13
mobilehomepark\mobilehomepark59.tif,13
sparseresidential\sparseresidential83.tif,18
buildings\buildings45.tif,4
parkinglot\parkinglot99.tif,15
storagetanks\storagetanks01.tif,19
river\river38.tif,16
mediumresidential\mediumresidential46.tif,12
runway\runway93.tif,17
chaparral\chaparral52.tif,5
tenniscourt\tenniscourt83.tif,20
chaparral\chaparral06.tif,5
overpass\overpass17.tif,14
baseballdiamond\baseballdiamond44.tif,2
harbor\harbor75.tif,10
golfcourse\golfcourse29.tif,9
golfcourse\golfcourse90.tif,9
storagetanks\storagetanks47.tif,19
runway\runway05.tif,17
freeway\freeway77.tif,8
freeway\freeway25.tif,8
sparseresidential\sparseresidential51.tif,18
runway\runway42.tif,17
golfcourse\golfcourse15.tif,9
freeway\freeway55.tif,8
storagetanks\storagetanks40.tif,19
denseresidential\denseresidential59.tif,6
sparseresidential\sparseresidential05.tif,18
parkinglot\parkinglot53.tif,15
harbor\harbor28.tif,10
golfcourse\golfcourse62.tif,9
parkinglot\parkinglot59.tif,15
freeway\freeway69.tif,8
denseresidential\denseresidential55.tif,6
freeway\freeway82.tif,8
intersection\intersection03.tif,11
denseresidential\denseresidential85.tif,6
runway\runway64.tif,17
chaparral\chaparral50.tif,5
agricultural\agricultural92.tif,0
agricultural\agricultural39.tif,0
intersection\intersection68.tif,11
golfcourse\golfcourse21.tif,9
freeway\freeway10.tif,8
parkinglot\parkinglot83.tif,15
chaparral\chaparral62.tif,5
river\river71.tif,16
harbor\harbor56.tif,10
freeway\freeway95.tif,8
denseresidential\denseresidential10.tif,6
baseballdiamond\baseballdiamond52.tif,2
golfcourse\golfcourse94.tif,9
intersection\intersection00.tif,11
freeway\freeway33.tif,8
agricultural\agricultural66.tif,0
chaparral\chaparral55.tif,5
denseresidential\denseresidential91.tif,6
golfcourse\golfcourse93.tif,9
buildings\buildings18.tif,4
storagetanks\storagetanks74.tif,19
runway\runway16.tif,17
runway\runway87.tif,17
agricultural\agricultural98.tif,0
golfcourse\golfcourse98.tif,9
parkinglot\parkinglot97.tif,15
mobilehomepark\mobilehomepark31.tif,13
denseresidential\denseresidential74.tif,6
freeway\freeway90.tif,8
harbor\harbor43.tif,10
harbor\harbor16.tif,10
golfcourse\golfcourse06.tif,9
freeway\freeway54.tif,8
denseresidential\denseresidential69.tif,6
buildings\buildings68.tif,4
denseresidential\denseresidential56.tif,6
golfcourse\golfcourse82.tif,9
overpass\overpass11.tif,14
airplane\airplane60.tif,1
chaparral\chaparral68.tif,5
harbor\harbor51.tif,10
forest\forest51.tif,7
forest\forest84.tif,7
chaparral\chaparral51.tif,5
beach\beach55.tif,3
airplane\airplane42.tif,1
agricultural\agricultural40.tif,0
beach\beach48.tif,3
mediumresidential\mediumresidential37.tif,12
mediumresidential\mediumresidential92.tif,12
buildings\buildings32.tif,4
overpass\overpass12.tif,14
storagetanks\storagetanks64.tif,19
agricultural\agricultural37.tif,0
mediumresidential\mediumresidential32.tif,12
chaparral\chaparral38.tif,5
sparseresidential\sparseresidential42.tif,18
overpass\overpass66.tif,14
airplane\airplane63.tif,1
beach\beach13.tif,3
storagetanks\storagetanks55.tif,19
freeway\freeway73.tif,8
baseballdiamond\baseballdiamond91.tif,2
runway\runway34.tif,17
denseresidential\denseresidential20.tif,6
freeway\freeway63.tif,8
baseballdiamond\baseballdiamond41.tif,2
mobilehomepark\mobilehomepark46.tif,13
baseballdiamond\baseballdiamond86.tif,2
chaparral\chaparral81.tif,5
parkinglot\parkinglot64.tif,15
harbor\harbor81.tif,10
sparseresidential\sparseresidential90.tif,18
parkinglot\parkinglot88.tif,15
baseballdiamond\baseballdiamond32.tif,2
airplane\airplane22.tif,1
river\river67.tif,16
denseresidential\denseresidential61.tif,6
agricultural\agricultural78.tif,0
chaparral\chaparral15.tif,5
airplane\airplane89.tif,1
overpass\overpass33.tif,14
runway\runway69.tif,17
chaparral\chaparral04.tif,5
buildings\buildings59.tif,4
freeway\freeway38.tif,8
buildings\buildings41.tif,4
sparseresidential\sparseresidential47.tif,18
mediumresidential\mediumresidential86.tif,12
runway\runway35.tif,17
baseballdiamond\baseballdiamond47.tif,2
harbor\harbor04.tif,10
buildings\buildings30.tif,4
parkinglot\parkinglot03.tif,15
storagetanks\storagetanks60.tif,19
river\river78.tif,16
agricultural\agricultural34.tif,0
sparseresidential\sparseresidential01.tif,18
mediumresidential\mediumresidential79.tif,12
harbor\harbor41.tif,10
beach\beach46.tif,3
harbor\harbor38.tif,10
forest\forest19.tif,7
buildings\buildings67.tif,4
mobilehomepark\mobilehomepark75.tif,13
forest\forest36.tif,7
mediumresidential\mediumresidential84.tif,12
freeway\freeway04.tif,8
runway\runway85.tif,17
airplane\airplane82.tif,1
beach\beach90.tif,3
mobilehomepark\mobilehomepark43.tif,13
river\river49.tif,16
runway\runway09.tif,17
baseballdiamond\baseballdiamond74.tif,2
airplane\airplane86.tif,1
agricultural\agricultural31.tif,0
buildings\buildings12.tif,4
overpass\overpass27.tif,14
freeway\freeway16.tif,8
river\river45.tif,16
airplane\airplane48.tif,1
golfcourse\golfcourse96.tif,9
baseballdiamond\baseballdiamond56.tif,2
mediumresidential\mediumresidential18.tif,12
beach\beach89.tif,3
sparseresidential\sparseresidential38.tif,18
denseresidential\denseresidential54.tif,6
sparseresidential\sparseresidential00.tif,18
intersection\intersection65.tif,11
mediumresidential\mediumresidential65.tif,12
harbor\harbor42.tif,10
airplane\airplane99.tif,1
airplane\airplane43.tif,1
baseballdiamond\baseballdiamond31.tif,2
mobilehomepark\mobilehomepark65.tif,13
parkinglot\parkinglot02.tif,15
runway\runway12.tif,17
mobilehomepark\mobilehomepark71.tif,13
overpass\overpass68.tif,14
buildings\buildings50.tif,4
golfcourse\golfcourse27.tif,9
harbor\harbor07.tif,10
baseballdiamond\baseballdiamond76.tif,2
airplane\airplane34.tif,1
buildings\buildings66.tif,4
chaparral\chaparral92.tif,5
parkinglot\parkinglot27.tif,15
tenniscourt\tenniscourt56.tif,20
denseresidential\denseresidential79.tif,6
golfcourse\golfcourse56.tif,9
airplane\airplane69.tif,1
beach\beach11.tif,3
beach\beach81.tif,3
intersection\intersection94.tif,11
freeway\freeway20.tif,8
storagetanks\storagetanks82.tif,19
harbor\harbor17.tif,10
mobilehomepark\mobilehomepark33.tif,13
freeway\freeway39.tif,8
sparseresidential\sparseresidential09.tif,18
forest\forest74.tif,7
chaparral\chaparral36.tif,5
airplane\airplane93.tif,1
harbor\harbor11.tif,10
storagetanks\storagetanks53.tif,19
river\river55.tif,16
denseresidential\denseresidential15.tif,6
parkinglot\parkinglot07.tif,15
airplane\airplane11.tif,1
golfcourse\golfcourse20.tif,9
mobilehomepark\mobilehomepark60.tif,13
intersection\intersection92.tif,11
overpass\overpass32.tif,14
baseballdiamond\baseballdiamond09.tif,2
freeway\freeway89.tif,8
beach\beach41.tif,3
mediumresidential\mediumresidential74.tif,12
tenniscourt\tenniscourt24.tif,20
runway\runway17.tif,17
forest\forest42.tif,7
harbor\harbor91.tif,10
parkinglot\parkinglot74.tif,15
overpass\overpass30.tif,14
denseresidential\denseresidential50.tif,6
tenniscourt\tenniscourt31.tif,20
parkinglot\parkinglot52.tif,15
mobilehomepark\mobilehomepark26.tif,13
agricultural\agricultural15.tif,0
beach\beach27.tif,3
forest\forest82.tif,7
parkinglot\parkinglot32.tif,15
storagetanks\storagetanks73.tif,19
buildings\buildings20.tif,4
beach\beach10.tif,3
parkinglot\parkinglot98.tif,15
parkinglot\parkinglot41.tif,15
airplane\airplane21.tif,1
intersection\intersection51.tif,11
tenniscourt\tenniscourt34.tif,20
overpass\overpass43.tif,14
airplane\airplane88.tif,1
tenniscourt\tenniscourt60.tif,20
agricultural\agricultural83.tif,0
buildings\buildings56.tif,4
forest\forest31.tif,7
parkinglot\parkinglot16.tif,15
intersection\intersection05.tif,11
chaparral\chaparral71.tif,5
denseresidential\denseresidential45.tif,6
golfcourse\golfcourse16.tif,9
parkinglot\parkinglot77.tif,15
chaparral\chaparral90.tif,5
mobilehomepark\mobilehomepark23.tif,13
overpass\overpass59.tif,14
sparseresidential\sparseresidential63.tif,18
forest\forest97.tif,7
overpass\overpass18.tif,14
tenniscourt\tenniscourt07.tif,20
freeway\freeway34.tif,8
chaparral\chaparral32.tif,5
harbor\harbor53.tif,10
buildings\buildings35.tif,4
tenniscourt\tenniscourt70.tif,20
freeway\freeway24.tif,8
intersection\intersection93.tif,11
baseballdiamond\baseballdiamond69.tif,2
runway\runway94.tif,17
sparseresidential\sparseresidential46.tif,18
freeway\freeway58.tif,8
beach\beach12.tif,3
baseballdiamond\baseballdiamond26.tif,2
harbor\harbor21.tif,10
runway\runway77.tif,17
runway\runway41.tif,17
baseballdiamond\baseballdiamond81.tif,2
parkinglot\parkinglot54.tif,15
buildings\buildings92.tif,4
golfcourse\golfcourse76.tif,9
chaparral\chaparral03.tif,5
mobilehomepark\mobilehomepark44.tif,13
overpass\overpass05.tif,14
beach\beach56.tif,3
agricultural\agricultural64.tif,0
agricultural\agricultural72.tif,0
storagetanks\storagetanks78.tif,19
agricultural\agricultural42.tif,0
river\river11.tif,16
forest\forest54.tif,7
mediumresidential\mediumresidential98.tif,12
parkinglot\parkinglot66.tif,15
freeway\freeway37.tif,8
baseballdiamond\baseballdiamond78.tif,2
overpass\overpass81.tif,14
parkinglot\parkinglot62.tif,15
parkinglot\parkinglot61.tif,15
mobilehomepark\mobilehomepark15.tif,13
airplane\airplane98.tif,1
intersection\intersection79.tif,11
baseballdiamond\baseballdiamond22.tif,2
sparseresidential\sparseresidential25.tif,18
river\river25.tif,16
buildings\buildings83.tif,4
tenniscourt\tenniscourt61.tif,20
mobilehomepark\mobilehomepark14.tif,13
denseresidential\denseresidential25.tif,6
baseballdiamond\baseballdiamond15.tif,2
harbor\harbor22.tif,10
runway\runway98.tif,17
buildings\buildings37.tif,4
buildings\buildings28.tif,4
mediumresidential\mediumresidential45.tif,12
golfcourse\golfcourse35.tif,9
harbor\harbor39.tif,10
forest\forest69.tif,7
mobilehomepark\mobilehomepark97.tif,13
parkinglot\parkinglot57.tif,15
sparseresidential\sparseresidential32.tif,18
beach\beach47.tif,3
overpass\overpass04.tif,14
river\river99.tif,16
intersection\intersection97.tif,11
overpass\overpass77.tif,14
runway\runway27.tif,17
parkinglot\parkinglot36.tif,15
mediumresidential\mediumresidential29.tif,12
freeway\freeway78.tif,8
overpass\overpass58.tif,14
runway\runway40.tif,17
parkinglot\parkinglot75.tif,15
sparseresidential\sparseresidential22.tif,18
tenniscourt\tenniscourt09.tif,20
tenniscourt\tenniscourt97.tif,20
sparseresidential\sparseresidential02.tif,18
golfcourse\golfcourse74.tif,9
river\river54.tif,16
beach\beach97.tif,3
storagetanks\storagetanks50.tif,19
agricultural\agricultural85.tif,0
airplane\airplane01.tif,1
chaparral\chaparral25.tif,5
beach\beach58.tif,3
tenniscourt\tenniscourt15.tif,20
sparseresidential\sparseresidential13.tif,18
forest\forest10.tif,7
golfcourse\golfcourse67.tif,9
baseballdiamond\baseballdiamond14.tif,2
freeway\freeway64.tif,8
mobilehomepark\mobilehomepark70.tif,13
mediumresidential\mediumresidential52.tif,12
buildings\buildings06.tif,4
runway\runway75.tif,17
agricultural\agricultural54.tif,0
overpass\overpass56.tif,14
baseballdiamond\baseballdiamond10.tif,2
tenniscourt\tenniscourt41.tif,20
harbor\harbor93.tif,10
tenniscourt\tenniscourt85.tif,20
storagetanks\storagetanks44.tif,19
denseresidential\denseresidential72.tif,6
chaparral\chaparral09.tif,5
chaparral\chaparral56.tif,5
freeway\freeway92.tif,8
intersection\intersection11.tif,11
baseballdiamond\baseballdiamond49.tif,2
mobilehomepark\mobilehomepark54.tif,13
forest\forest48.tif,7
chaparral\chaparral02.tif,5
tenniscourt\tenniscourt88.tif,20
mobilehomepark\mobilehomepark49.tif,13
intersection\intersection13.tif,11
intersection\intersection83.tif,11
river\river29.tif,16
overpass\overpass84.tif,14
river\river48.tif,16
mediumresidential\mediumresidential21.tif,12
forest\forest07.tif,7
agricultural\agricultural20.tif,0
mediumresidential\mediumresidential72.tif,12
forest\forest62.tif,7
mediumresidential\mediumresidential89.tif,12
beach\beach43.tif,3
storagetanks\storagetanks49.tif,19
tenniscourt\tenniscourt68.tif,20
golfcourse\golfcourse03.tif,9
chaparral\chaparral89.tif,5
golfcourse\golfcourse71.tif,9
overpass\overpass36.tif,14
overpass\overpass83.tif,14
runway\runway96.tif,17
storagetanks\storagetanks46.tif,19
mediumresidential\mediumresidential07.tif,12
chaparral\chaparral98.tif,5
chaparral\chaparral10.tif,5
chaparral\chaparral97.tif,5
storagetanks\storagetanks89.tif,19
overpass\overpass73.tif,14
mobilehomepark\mobilehomepark21.tif,13
river\river52.tif,16
river\river19.tif,16
river\river00.tif,16
chaparral\chaparral69.tif,5
freeway\freeway67.tif,8
runway\runway72.tif,17
forest\forest68.tif,7
overpass\overpass50.tif,14
beach\beach15.tif,3
beach\beach03.tif,3
agricultural\agricultural01.tif,0
freeway\freeway31.tif,8
buildings\buildings42.tif,4
buildings\buildings95.tif,4
forest\forest92.tif,7
mediumresidential\mediumresidential62.tif,12
baseballdiamond\baseballdiamond43.tif,2
intersection\intersection42.tif,11
mobilehomepark\mobilehomepark63.tif,13
river\river13.tif,16
mediumresidential\mediumresidential48.tif,12
parkinglot\parkinglot39.tif,15
beach\beach53.tif,3
tenniscourt\tenniscourt98.tif,20
mediumresidential\mediumresidential69.tif,12
storagetanks\storagetanks07.tif,19
parkinglot\parkinglot42.tif,15
intersection\intersection25.tif,11
golfcourse\golfcourse85.tif,9
forest\forest81.tif,7
airplane\airplane51.tif,1
storagetanks\storagetanks13.tif,19
golfcourse\golfcourse37.tif,9
agricultural\agricultural10.tif,0
agricultural\agricultural16.tif,0
baseballdiamond\baseballdiamond66.tif,2
beach\beach39.tif,3
airplane\airplane50.tif,1
tenniscourt\tenniscourt04.tif,20
mobilehomepark\mobilehomepark24.tif,13
agricultural\agricultural56.tif,0
airplane\airplane56.tif,1
mediumresidential\mediumresidential44.tif,12
tenniscourt\tenniscourt51.tif,20
mediumresidential\mediumresidential06.tif,12
buildings\buildings21.tif,4
forest\forest88.tif,7
intersection\intersection01.tif,11
mediumresidential\mediumresidential55.tif,12
runway\runway97.tif,17
airplane\airplane33.tif,1
chaparral\chaparral67.tif,5
buildings\buildings26.tif,4
tenniscourt\tenniscourt99.tif,20
chaparral\chaparral20.tif,5
denseresidential\denseresidential33.tif,6
baseballdiamond\baseballdiamond53.tif,2
agricultural\agricultural94.tif,0
forest\forest18.tif,7
denseresidential\denseresidential37.tif,6
buildings\buildings46.tif,4
agricultural\agricultural06.tif,0
agricultural\agricultural27.tif,0
tenniscourt\tenniscourt84.tif,20
freeway\freeway96.tif,8
harbor\harbor45.tif,10
storagetanks\storagetanks56.tif,19
harbor\harbor92.tif,10
airplane\airplane35.tif,1
freeway\freeway41.tif,8
tenniscourt\tenniscourt80.tif,20
harbor\harbor73.tif,10
storagetanks\storagetanks39.tif,19
mobilehomepark\mobilehomepark06.tif,13
buildings\buildings97.tif,4
river\river60.tif,16
beach\beach32.tif,3
storagetanks\storagetanks87.tif,19
sparseresidential\sparseresidential73.tif,18
freeway\freeway76.tif,8
baseballdiamond\baseballdiamond42.tif,2
baseballdiamond\baseballdiamond83.tif,2
parkinglot\parkinglot09.tif,15
overpass\overpass31.tif,14
buildings\buildings23.tif,4
airplane\airplane37.tif,1
overpass\overpass92.tif,14
denseresidential\denseresidential86.tif,6
golfcourse\golfcourse72.tif,9
runway\runway83.tif,17
storagetanks\storagetanks63.tif,19
parkinglot\parkinglot38.tif,15
golfcourse\golfcourse83.tif,9
freeway\freeway35.tif,8
storagetanks\storagetanks37.tif,19
harbor\harbor66.tif,10
mobilehomepark\mobilehomepark17.tif,13
forest\forest55.tif,7
intersection\intersection14.tif,11
parkinglot\parkinglot70.tif,15
chaparral\chaparral80.tif,5
agricultural\agricultural79.tif,0
airplane\airplane74.tif,1
intersection\intersection81.tif,11
sparseresidential\sparseresidential19.tif,18
golfcourse\golfcourse84.tif,9
harbor\harbor98.tif,10
storagetanks\storagetanks83.tif,19
forest\forest65.tif,7
parkinglot\parkinglot43.tif,15
river\river09.tif,16
agricultural\agricultural93.tif,0
storagetanks\storagetanks16.tif,19
parkinglot\parkinglot93.tif,15
mediumresidential\mediumresidential34.tif,12
storagetanks\storagetanks93.tif,19
river\river41.tif,16
runway\runway31.tif,17
intersection\intersection17.tif,11
forest\forest75.tif,7
overpass\overpass82.tif,14
agricultural\agricultural18.tif,0
denseresidential\denseresidential26.tif,6
agricultural\agricultural46.tif,0
freeway\freeway18.tif,8
storagetanks\storagetanks10.tif,19
overpass\overpass23.tif,14
parkinglot\parkinglot46.tif,15
harbor\harbor84.tif,10
harbor\harbor70.tif,10
intersection\intersection56.tif,11
runway\runway33.tif,17
baseballdiamond\baseballdiamond38.tif,2
runway\runway80.tif,17
parkinglot\parkinglot14.tif,15
baseballdiamond\baseballdiamond25.tif,2
storagetanks\storagetanks36.tif,19
parkinglot\parkinglot34.tif,15
agricultural\agricultural60.tif,0
overpass\overpass65.tif,14
intersection\intersection57.tif,11
storagetanks\storagetanks58.tif,19
agricultural\agricultural41.tif,0
denseresidential\denseresidential02.tif,6
mobilehomepark\mobilehomepark87.tif,13
mediumresidential\mediumresidential61.tif,12
sparseresidential\sparseresidential77.tif,18
forest\forest17.tif,7
beach\beach26.tif,3
buildings\buildings88.tif,4
forest\forest26.tif,7
runway\runway15.tif,17
forest\forest24.tif,7
freeway\freeway88.tif,8
sparseresidential\sparseresidential03.tif,18
denseresidential\denseresidential99.tif,6
baseballdiamond\baseballdiamond30.tif,2
beach\beach95.tif,3
forest\forest53.tif,7
chaparral\chaparral58.tif,5
baseballdiamond\baseballdiamond96.tif,2
beach\beach00.tif,3
overpass\overpass13.tif,14
tenniscourt\tenniscourt53.tif,20
buildings\buildings27.tif,4
mediumresidential\mediumresidential39.tif,12
forest\forest11.tif,7
parkinglot\parkinglot72.tif,15
harbor\harbor72.tif,10
agricultural\agricultural59.tif,0
forest\forest86.tif,7
freeway\freeway93.tif,8
harbor\harbor86.tif,10
mobilehomepark\mobilehomepark64.tif,13
buildings\buildings04.tif,4
baseballdiamond\baseballdiamond72.tif,2
mediumresidential\mediumresidential97.tif,12
golfcourse\golfcourse10.tif,9
storagetanks\storagetanks88.tif,19
beach\beach06.tif,3
parkinglot\parkinglot19.tif,15
baseballdiamond\baseballdiamond37.tif,2
intersection\intersection07.tif,11
golfcourse\golfcourse64.tif,9
sparseresidential\sparseresidential18.tif,18
intersection\intersection63.tif,11
golfcourse\golfcourse99.tif,9
buildings\buildings25.tif,4
baseballdiamond\baseballdiamond45.tif,2
forest\forest98.tif,7
denseresidential\denseresidential41.tif,6
agricultural\agricultural70.tif,0
tenniscourt\tenniscourt93.tif,20
river\river53.tif,16
intersection\intersection19.tif,11
sparseresidential\sparseresidential53.tif,18
harbor\harbor14.tif,10
baseballdiamond\baseballdiamond97.tif,2
harbor\harbor99.tif,10
chaparral\chaparral86.tif,5
freeway\freeway02.tif,8
runway\runway58.tif,17
mobilehomepark\mobilehomepark08.tif,13
forest\forest35.tif,7
parkinglot\parkinglot71.tif,15
tenniscourt\tenniscourt45.tif,20
intersection\intersection61.tif,11
overpass\overpass94.tif,14
sparseresidential\sparseresidential67.tif,18
harbor\harbor64.tif,10
harbor\harbor55.tif,10
intersection\intersection52.tif,11
airplane\airplane06.tif,1
river\river98.tif,16
mobilehomepark\mobilehomepark69.tif,13
intersection\intersection21.tif,11
mediumresidential\mediumresidential67.tif,12
golfcourse\golfcourse65.tif,9
sparseresidential\sparseresidential69.tif,18
beach\beach17.tif,3
parkinglot\parkinglot63.tif,15
agricultural\agricultural91.tif,0
buildings\buildings54.tif,4
buildings\buildings96.tif,4
forest\forest56.tif,7
denseresidential\denseresidential46.tif,6
harbor\harbor65.tif,10
parkinglot\parkinglot47.tif,15
storagetanks\storagetanks25.tif,19
chaparral\chaparral74.tif,5
parkinglot\parkinglot79.tif,15
sparseresidential\sparseresidential59.tif,18
freeway\freeway09.tif,8
storagetanks\storagetanks95.tif,19
sparseresidential\sparseresidential07.tif,18
freeway\freeway86.tif,8
chaparral\chaparral43.tif,5
agricultural\agricultural13.tif,0
buildings\buildings02.tif,4
overpass\overpass16.tif,14
storagetanks\storagetanks06.tif,19
buildings\buildings61.tif,4
mediumresidential\mediumresidential70.tif,12
forest\forest64.tif,7
harbor\harbor10.tif,10
agricultural\agricultural51.tif,0
freeway\freeway40.tif,8
river\river08.tif,16
tenniscourt\tenniscourt81.tif,20
denseresidential\denseresidential57.tif,6
denseresidential\denseresidential42.tif,6
chaparral\chaparral07.tif,5
sparseresidential\sparseresidential08.tif,18
sparseresidential\sparseresidential14.tif,18
forest\forest41.tif,7
forest\forest96.tif,7
denseresidential\denseresidential83.tif,6
tenniscourt\tenniscourt65.tif,20
beach\beach38.tif,3
sparseresidential\sparseresidential43.tif,18
chaparral\chaparral60.tif,5
storagetanks\storagetanks66.tif,19
harbor\harbor44.tif,10
chaparral\chaparral85.tif,5
agricultural\agricultural50.tif,0
tenniscourt\tenniscourt76.tif,20
river\river79.tif,16
agricultural\agricultural87.tif,0
baseballdiamond\baseballdiamond70.tif,2
golfcourse\golfcourse53.tif,9
airplane\airplane38.tif,1
harbor\harbor87.tif,10
harbor\harbor24.tif,10
beach\beach23.tif,3
runway\runway14.tif,17
storagetanks\storagetanks76.tif,19
runway\runway66.tif,17
airplane\airplane05.tif,1
storagetanks\storagetanks85.tif,19
parkinglot\parkinglot17.tif,15
forest\forest34.tif,7
mediumresidential\mediumresidential27.tif,12
denseresidential\denseresidential62.tif,6
baseballdiamond\baseballdiamond99.tif,2
parkinglot\parkinglot95.tif,15
sparseresidential\sparseresidential34.tif,18
airplane\airplane27.tif,1
storagetanks\storagetanks91.tif,19
runway\runway04.tif,17
mediumresidential\mediumresidential95.tif,12
chaparral\chaparral26.tif,5
forest\forest76.tif,7
river\river58.tif,16
buildings\buildings58.tif,4
denseresidential\denseresidential04.tif,6
forest\forest21.tif,7
airplane\airplane44.tif,1
intersection\intersection32.tif,11
golfcourse\golfcourse50.tif,9
overpass\overpass01.tif,14
runway\runway23.tif,17
mediumresidential\mediumresidential90.tif,12
overpass\overpass08.tif,14
sparseresidential\sparseresidential94.tif,18
runway\runway53.tif,17
river\river90.tif,16
intersection\intersection45.tif,11
beach\beach33.tif,3
airplane\airplane03.tif,1
parkinglot\parkinglot94.tif,15
chaparral\chaparral13.tif,5
intersection\intersection54.tif,11
buildings\buildings91.tif,4
overpass\overpass28.tif,14
mediumresidential\mediumresidential50.tif,12
denseresidential\denseresidential53.tif,6
agricultural\agricultural22.tif,0
river\river83.tif,16
agricultural\agricultural12.tif,0
mobilehomepark\mobilehomepark57.tif,13
overpass\overpass20.tif,14
tenniscourt\tenniscourt94.tif,20
mobilehomepark\mobilehomepark61.tif,13
baseballdiamond\baseballdiamond64.tif,2
parkinglot\parkinglot20.tif,15
buildings\buildings98.tif,4
river\river27.tif,16
river\river42.tif,16
parkinglot\parkinglot73.tif,15
harbor\harbor46.tif,10
chaparral\chaparral17.tif,5
beach\beach62.tif,3
beach\beach78.tif,3
storagetanks\storagetanks62.tif,19
intersection\intersection77.tif,11
harbor\harbor77.tif,10
beach\beach88.tif,3
intersection\intersection39.tif,11
airplane\airplane59.tif,1
beach\beach77.tif,3
mediumresidential\mediumresidential73.tif,12
forest\forest43.tif,7
agricultural\agricultural23.tif,0
beach\beach82.tif,3
intersection\intersection75.tif,11
overpass\overpass80.tif,14
intersection\intersection46.tif,11
golfcourse\golfcourse33.tif,9
golfcourse\golfcourse86.tif,9
agricultural\agricultural82.tif,0
runway\runway24.tif,17
airplane\airplane83.tif,1
mediumresidential\mediumresidential82.tif,12
river\river23.tif,16
airplane\airplane45.tif,1
sparseresidential\sparseresidential04.tif,18
intersection\intersection72.tif,11
intersection\intersection06.tif,11
beach\beach69.tif,3
tenniscourt\tenniscourt23.tif,20
buildings\buildings73.tif,4
intersection\intersection74.tif,11
freeway\freeway75.tif,8
intersection\intersection43.tif,11
tenniscourt\tenniscourt22.tif,20
intersection\intersection58.tif,11
denseresidential\denseresidential13.tif,6
freeway\freeway87.tif,8
baseballdiamond\baseballdiamond17.tif,2
agricultural\agricultural25.tif,0
tenniscourt\tenniscourt66.tif,20
mobilehomepark\mobilehomepark89.tif,13
chaparral\chaparral39.tif,5
tenniscourt\tenniscourt57.tif,20
airplane\airplane31.tif,1
baseballdiamond\baseballdiamond77.tif,2
sparseresidential\sparseresidential16.tif,18
storagetanks\storagetanks31.tif,19
river\river40.tif,16
runway\runway86.tif,17
overpass\overpass15.tif,14
overpass\overpass89.tif,14
storagetanks\storagetanks77.tif,19
harbor\harbor06.tif,10
airplane\airplane97.tif,1
overpass\overpass49.tif,14
chaparral\chaparral83.tif,5
forest\forest02.tif,7
storagetanks\storagetanks72.tif,19
tenniscourt\tenniscourt49.tif,20
denseresidential\denseresidential89.tif,6
runway\runway37.tif,17
harbor\harbor88.tif,10
denseresidential\denseresidential80.tif,6
agricultural\agricultural62.tif,0
denseresidential\denseresidential16.tif,6
tenniscourt\tenniscourt12.tif,20
freeway\freeway19.tif,8
agricultural\agricultural24.tif,0
agricultural\agricultural35.tif,0
sparseresidential\sparseresidential81.tif,18
tenniscourt\tenniscourt69.tif,20
runway\runway59.tif,17
harbor\harbor50.tif,10
freeway\freeway49.tif,8
runway\runway90.tif,17
overpass\overpass02.tif,14
mobilehomepark\mobilehomepark73.tif,13
intersection\intersection53.tif,11
river\river03.tif,16
intersection\intersection50.tif,11
freeway\freeway46.tif,8
denseresidential\denseresidential44.tif,6
tenniscourt\tenniscourt52.tif,20
denseresidential\denseresidential47.tif,6
harbor\harbor32.tif,10
tenniscourt\tenniscourt25.tif,20
airplane\airplane58.tif,1
intersection\intersection41.tif,11
tenniscourt\tenniscourt02.tif,20
beach\beach44.tif,3
buildings\buildings07.tif,4
beach\beach07.tif,3
golfcourse\golfcourse17.tif,9
river\river37.tif,16
mediumresidential\mediumresidential09.tif,12
forest\forest23.tif,7
mobilehomepark\mobilehomepark39.tif,13
runway\runway28.tif,17
overpass\overpass64.tif,14
mediumresidential\mediumresidential59.tif,12
chaparral\chaparral70.tif,5
buildings\buildings85.tif,4
tenniscourt\tenniscourt44.tif,20
buildings\buildings52.tif,4
baseballdiamond\baseballdiamond36.tif,2
baseballdiamond\baseballdiamond60.tif,2
parkinglot\parkinglot30.tif,15
buildings\buildings70.tif,4
denseresidential\denseresidential82.tif,6
mediumresidential\mediumresidential49.tif,12
mediumresidential\mediumresidential63.tif,12
airplane\airplane52.tif,1
river\river84.tif,16
forest\forest22.tif,7
river\river18.tif,16
storagetanks\storagetanks90.tif,19
sparseresidential\sparseresidential65.tif,18
airplane\airplane41.tif,1
tenniscourt\tenniscourt33.tif,20
sparseresidential\sparseresidential78.tif,18
baseballdiamond\baseballdiamond29.tif,2
sparseresidential\sparseresidential64.tif,18
tenniscourt\tenniscourt86.tif,20
overpass\overpass67.tif,14
mobilehomepark\mobilehomepark50.tif,13
intersection\intersection30.tif,11
intersection\intersection18.tif,11
intersection\intersection49.tif,11
mobilehomepark\mobilehomepark94.tif,13
golfcourse\golfcourse51.tif,9
storagetanks\storagetanks35.tif,19
airplane\airplane72.tif,1
overpass\overpass39.tif,14
intersection\intersection84.tif,11
buildings\buildings63.tif,4
storagetanks\storagetanks51.tif,19
storagetanks\storagetanks98.tif,19
forest\forest38.tif,7
baseballdiamond\baseballdiamond39.tif,2
denseresidential\denseresidential60.tif,6
mobilehomepark\mobilehomepark00.tif,13
beach\beach99.tif,3
mediumresidential\mediumresidential94.tif,12
beach\beach91.tif,3
airplane\airplane61.tif,1
baseballdiamond\baseballdiamond21.tif,2
overpass\overpass34.tif,14
chaparral\chaparral88.tif,5
mobilehomepark\mobilehomepark34.tif,13
buildings\buildings22.tif,4
sparseresidential\sparseresidential28.tif,18
river\river93.tif,16
golfcourse\golfcourse05.tif,9
baseballdiamond\baseballdiamond08.tif,2
harbor\harbor05.tif,10
baseballdiamond\baseballdiamond33.tif,2
golfcourse\golfcourse01.tif,9
agricultural\agricultural58.tif,0
storagetanks\storagetanks21.tif,19
tenniscourt\tenniscourt17.tif,20
beach\beach37.tif,3
mediumresidential\mediumresidential23.tif,12
denseresidential\denseresidential27.tif,6
sparseresidential\sparseresidential98.tif,18
buildings\buildings48.tif,4
river\river39.tif,16
forest\forest78.tif,7
freeway\freeway81.tif,8
mobilehomepark\mobilehomepark30.tif,13
airplane\airplane30.tif,1
tenniscourt\tenniscourt48.tif,20
buildings\buildings89.tif,4
chaparral\chaparral00.tif,5
harbor\harbor40.tif,10
denseresidential\denseresidential76.tif,6
forest\forest89.tif,7
river\river68.tif,16
mobilehomepark\mobilehomepark42.tif,13
agricultural\agricultural69.tif,0
mobilehomepark\mobilehomepark16.tif,13
harbor\harbor52.tif,10
airplane\airplane16.tif,1
sparseresidential\sparseresidential87.tif,18
mobilehomepark\mobilehomepark88.tif,13
baseballdiamond\baseballdiamond75.tif,2
freeway\freeway52.tif,8
runway\runway47.tif,17
buildings\buildings31.tif,4
sparseresidential\sparseresidential86.tif,18
tenniscourt\tenniscourt50.tif,20
mobilehomepark\mobilehomepark80.tif,13
denseresidential\denseresidential32.tif,6
forest\forest95.tif,7
mediumresidential\mediumresidential33.tif,12
overpass\overpass57.tif,14
storagetanks\storagetanks70.tif,19
harbor\harbor85.tif,10
tenniscourt\tenniscourt40.tif,20
harbor\harbor12.tif,10
beach\beach16.tif,3
overpass\overpass79.tif,14
freeway\freeway53.tif,8
airplane\airplane81.tif,1
parkinglot\parkinglot68.tif,15
